ID,Year,Treatments,FertilizerP [kg/ha/yr],Manure [kg/ha],Pinput[kg/ha],maizegrain[kg/ha],maize straw[kg/ha],N concentration in maize grain[%],N concentration in maize straw[%],P concentration in maize grain[%],P concentration in maize straw[%],wheatgrain[kg/ha],wheat straw[kg/ha],N concentration in wheat grain[%],N concentration in wheat straw[%],P concentration in wheat grain[%],P concentration in wheat straw[%],Nuptake[kg/ha],Puptake[kg/ha],Psurplus[kg/ha],Oaccumulatedsurplus[kg/ha],SOC[g/kg],pH,OlsenP[mg/kg],TotalP[g/kg],CaCl2P[mg/kg],oxalateP[mg/kg],oxalateAl[mg/kg],oxalateCa[m/kg],oxalateFe[mg/kg],preci_sur[m/yr],totalp20-40[g/kg],puptakemaize[kg/ha],puptakewheat[kg/ha]
2,1990,N,NA,NA,NA,NA,NA,NA,NA,NA,NA,NA,NA,NA,NA,NA,NA,NA,NA,NA,NA,7.89,5.7,13.9,0.45,0.001,96.92,1211.6,54.56,3540.8,0.79,0.455,0,0
3,1990,NP,NA,NA,NA,NA,NA,NA,NA,NA,NA,NA,NA,NA,NA,NA,NA,NA,NA,NA,NA,7.89,5.7,13.9,0.45,0.001,96.92,1211.6,54.56,3540.8,0.79,0.455,0,0
4,1990,NK,NA,NA,NA,NA,NA,NA,NA,NA,NA,NA,NA,NA,NA,NA,NA,NA,NA,NA,NA,7.89,5.7,13.9,0.45,0.001,96.92,1211.6,54.56,3540.8,0.79,0.455,0,0
5,1990,PK,NA,NA,NA,NA,NA,NA,NA,NA,NA,NA,NA,NA,NA,NA,NA,NA,NA,NA,NA,7.89,5.7,13.9,0.45,0.001,96.92,1211.6,54.56,3540.8,0.79,0.455,0,0
6,1990,NPK,NA,NA,NA,NA,NA,NA,NA,NA,NA,NA,NA,NA,NA,NA,NA,NA,NA,NA,NA,7.89,5.7,13.9,0.45,0.001,96.92,1211.6,54.56,3540.8,0.79,0.455,0,0
7,1990,NPKM,NA,NA,NA,NA,NA,NA,NA,NA,NA,NA,NA,NA,NA,NA,NA,NA,NA,NA,NA,7.89,5.7,13.9,0.45,0.001,96.92,1211.6,54.56,3540.8,0.79,0.455,0,0
8,1990,HNPKM,NA,NA,NA,NA,NA,NA,NA,NA,NA,NA,NA,NA,NA,NA,NA,NA,NA,NA,NA,7.89,5.7,13.9,0.45,0.001,96.92,1211.6,54.56,3540.8,0.79,0.455,0,0
9,1990,NPKS,NA,NA,NA,NA,NA,NA,NA,NA,NA,NA,NA,NA,NA,NA,NA,NA,NA,NA,NA,7.89,5.7,13.9,0.45,0.001,96.92,1211.6,54.56,3540.8,0.79,0.455,0,0
10,1990,NPKMR,NA,NA,NA,NA,NA,NA,NA,NA,NA,NA,NA,NA,NA,NA,NA,NA,NA,NA,NA,7.89,5.7,13.9,0.45,0.001,96.92,1211.6,54.56,3540.8,0.79,0.455,0,0
11,1990,M,NA,NA,NA,NA,NA,NA,NA,NA,NA,NA,NA,NA,NA,NA,NA,NA,NA,NA,NA,7.89,5.7,13.9,0.45,0.001,96.92,1211.6,54.56,3540.8,0.79,0.455,0,0
22,1991,M,0,0,0,NA,NA,1.14,0.778893449,0.31,0.27,NA,NA,2.34053834,0.59 ,0.47,0.13,NA,NA,NA,NA,NA,NA,NA,,NA,NA,NA,NA,NA,0.8,NA,NA,NA
33,1992,M,0,0,0,3567,3402,1.14,0.78 ,0.31,0.33,NA,NA,2.34053834,0.59 ,0.47,0.13,NA,NA,NA,NA,NA,NA,15.6,0.58,NA,NA,NA,NA,NA,0.83,NA,NA,NA
54,1994,NPKMR,52.3943662,158,210.3943662,490.5,NA,,,NA,NA,1942.5,3150,,,NA,NA,NA,NA,NA,NA,8.062645012,6.4,21.5,0.77,NA,NA,NA,NA,NA,1.05,NA,NA,NA
65,1995,NPKMR,52.3943662,158,210.3943662,NA,NA,,,NA,NA,1498.5,2166,,,NA,NA,NA,NA,NA,NA,12.38979118,6.8,29.5,0.84,NA,NA,NA,NA,NA,0.48,NA,NA,NA
76,1996,NPKMR,52.3943662,158,210.3943662,NA,NA,,,NA,NA,1252.5,4117.5,,,NA,NA,NA,NA,NA,NA,12.99303944,5.7,39.7,1.09,NA,NA,NA,NA,NA,0.79,NA,NA,NA
178,2006,N,0,0,0,NA,0,1.18,1.17 ,0.26,0.17,0,0,2.687048765,0.71 ,0.32,0.05,NA,NA,NA,NA,7.753956739,3.94,6.4799,0.464180957,NA,NA,NA,NA,NA,0.84,0.411181423,NA,0
180,2006,NK,0,0,0,NA,0,1.16,1.18 ,0.23,0.15,NA,0,2.610480692,0.89 ,0.32,0.06,NA,NA,NA,NA,8.153643254,4.205,6.41825,0.4318,NA,NA,NA,NA,NA,0.84,0.3726,NA,NA
189,2007,N,0,0,0,0,0,NA,NA,NA,0.54,0,0,NA,NA,NA,NA,NA,NA,NA,NA,8.059280742,4.19,4.79,0.4189,0.001,75.78,1977.8,73.4,3619.2,0.64,0.3286,NA,NA
191,2007,NK,0,0,0,NA,0,NA,NA,NA,0.118,NA,0,NA,NA,NA,NA,NA,NA,NA,NA,9.134280742,4.3,2.6,0.4125,NA,NA,NA,NA,NA,0.64,0.3511,NA,NA
200,2008,N,0,0,0,0,0,NA,NA,NA,NA,0,0,NA,NA,NA,NA,NA,NA,NA,NA,7.744199536,4.4,3.4,0.498,NA,NA,NA,NA,NA,0.6,0.275,NA,NA
202,2008,NK,0,0,0,0,0,NA,NA,NA,NA,0,0,NA,NA,NA,NA,NA,NA,NA,NA,9.305104408,4.1,3.9,0.416,NA,NA,NA,NA,NA,0.6,0.453,NA,NA
211,2009,N,0,0,0,0,0,NA,NA,NA,NA,0,0,NA,NA,NA,NA,NA,NA,NA,NA,7.127027691,3.88,4.021541,0.442196575,NA,NA,NA,NA,NA,0.51,0.422838679,NA,NA
213,2009,NK,0,0,0,0,0,NA,NA,NA,NA,0,0,NA,NA,NA,NA,NA,NA,NA,NA,7.82902311,4,2.381007,0.4042841,NA,NA,NA,NA,NA,0.51,0.370195839,NA,NA
222,2010,N,0,0,0,0,0,NA,NA,NA,NA,0,0,NA,NA,NA,NA,NA,NA,NA,NA,8.204843605,4.115,3.878125,0.442196575,NA,NA,NA,NA,NA,0.24,NA,NA,NA
224,2010,NK,0,0,0,0,0,NA,NA,NA,NA,0,0,NA,NA,NA,NA,NA,NA,NA,NA,8.776873451,4.225,3.736375,0.4042841,NA,NA,NA,NA,NA,0.24,NA,NA,NA
233,2011,N,0,0,0,0,0,NA,NA,NA,NA,0,0,NA,NA,NA,NA,NA,NA,NA,NA,7.196633259,3.88,4.021541,0.442196575,NA,NA,NA,NA,NA,0.32,0.422838679,NA,NA
235,2011,NK,0,0,0,0,0,NA,NA,NA,NA,0,0,NA,NA,NA,NA,NA,NA,NA,NA,7.898628679,4,2.381007,0.4042841,NA,NA,NA,NA,NA,0.32,0.370195839,NA,NA
241,2011,NPKMR,52.3943662,158,210.3943662,NA,NA,7.1215953,1.56 ,0.68,0.23,1522.576125,3109.798339,2.957112417,0.50 ,0.53,0.09,NA,NA,NA,NA,15.45940059,6.065,168.376135,1.840501376,NA,NA,NA,NA,NA,0.32,1.104212802,NA,10.86847197
244,2012,N,0,0,0,0,0,NA,NA,NA,NA,NA,NA,NA,NA,NA,NA,NA,NA,NA,NA,8.134692731,4.187,4.79,0.418903999,NA,NA,NA,NA,NA,0.54,0.328626135,NA,NA
246,2012,NK,0,0,0,0,0,NA,NA,NA,NA,NA,NA,NA,NA,NA,NA,NA,NA,NA,NA,9.209692191,4.3025,2.6,0.412460008,NA,NA,NA,NA,NA,0.54,0.351118258,NA,NA
252,2012,NPKMR,52.3943662,158,210.3943662,NA,NA,6.251056603,1.14 ,0.68,0.25,1472.828362,2461.141684,2.571483175,0.38 ,0.51,0.14,NA,NA,NA,NA,14.948769,6.071,180.3002,1.851119775,NA,NA,NA,NA,NA,0.54,1.032802945,NA,10.957023
255,2013,N,0,0,0,0,0,NA,NA,NA,NA,NA,NA,NA,NA,NA,NA,NA,NA,NA,NA,7.714661888,4.085,2.24,0.337396824,0.001,110.9,1866,62.78,2471.2,0.22,0.215524337,NA,NA
257,2013,NK,0,0,0,0,0,NA,NA,NA,NA,NA,NA,NA,NA,NA,NA,NA,NA,NA,NA,9.526617301,3.995,1.9525,0.378364035,0.182809493,90.88,1645.4,54.12,2765.2,0.22,0.229954873,NA,NA
266,2014,N,0,0,0,0,0,NA,NA,NA,NA,NA,NA,NA,NA,NA,NA,NA,NA,NA,NA,7.860394525,3.7925,2.63625,0.570866467,NA,NA,NA,NA,NA,0.56,0.446490798,NA,NA
268,2014,NK,0,0,0,0,0,NA,NA,NA,NA,NA,NA,NA,NA,NA,NA,NA,NA,NA,NA,8.717021975,3.92,2.3275,0.417019802,NA,NA,NA,NA,NA,0.56,0.433853377,NA,NA
277,2015,N,0,0,0,0,0,NA,NA,NA,NA,NA,NA,NA,NA,NA,NA,NA,NA,NA,NA,7.359711463,3.915,3.0325,0.446578242,NA,NA,NA,NA,NA,1.58,0.472640677,NA,NA
279,2015,NK,0,0,0,0,0,NA,NA,NA,NA,NA,NA,NA,NA,NA,NA,NA,NA,NA,NA,8.268148259,4.1325,2.2625,0.45567557,NA,NA,NA,NA,NA,1.58,0.368384616,NA,NA
285,2015,NPKMR,52.3943662,158,210.3943662,NA,NA,5.942180745,1.02 ,0.55,0.26,1552.062923,4118.287288,2.256244201,0.49 ,0.45,0.18,NA,NA,NA,NA,13.29958985,5.7525,190.535,1.363484868,NA,NA,NA,NA,NA,1.58,1.013893539,NA,14.39720027
288,2016,N,0,0,0,0,0,NA,NA,NA,NA,NA,NA,NA,NA,NA,NA,NA,NA,NA,NA,7.517109712,3.92,2.943333333,0.510290149,NA,NA,NA,NA,NA,0.7,0.41476908,NA,NA
290,2016,NK,0,0,0,0,0,NA,NA,NA,NA,NA,NA,NA,NA,NA,NA,NA,NA,NA,NA,7.273821407,4.115,4.11,0.480784094,NA,NA,NA,NA,NA,0.7,0.389626756,NA,NA
296,2016,NPKMR,52.3943662,158,210.3943662,NA,NA,7.310000175,1.82 ,0.49,0.28,1289.39552,3673.037964,2.664640175,0.39 ,0.45,0.2,NA,NA,NA,NA,14.69096587,5.878333333,251.5133333,2.08892419,NA,NA,NA,NA,NA,0.7,0.891477024,NA,13.14835577
299,2017,N,0,0,0,NA,NA,NA,NA,NA,NA,NA,NA,NA,NA,NA,NA,NA,0.353332169,-0.353332169,NA,NA,NA,NA,NA,NA,NA,NA,NA,NA,0.7,NA,0.222723766,0.130608403
301,2017,NK,0,0,0,NA,NA,NA,NA,NA,NA,NA,NA,NA,NA,NA,NA,NA,0.740765945,-0.740765945,NA,NA,NA,NA,NA,NA,NA,NA,NA,NA,0.7,NA,0.562155147,0.178610798
307,2017,NPKMR,52.3943662,158,210.3943662,NA,NA,,,NA,NA,1526.465875,4663.310363,2.605414696,0.31 ,0.488731503,0.186296472,NA,NA,NA,NA,NA,NA,NA,NA,NA,NA,NA,NA,NA,0.7,NA,NA,16.1479023
310,2018,N,0,0,0,NA,NA,NA,NA,NA,NA,NA,NA,NA,NA,NA,NA,NA,0.353332169,-0.353332169,NA,NA,NA,NA,NA,NA,NA,NA,NA,NA,0.7,NA,0.222723766,0.130608403
312,2018,NK,0,0,0,NA,NA,NA,NA,NA,NA,NA,NA,NA,NA,NA,NA,NA,0.740765945,-0.740765945,NA,NA,NA,NA,NA,NA,NA,NA,NA,NA,0.7,NA,0.562155147,0.178610798
318,2018,NPKMR,52.3943662,158,210.3943662,NA,NA,,,NA,NA,1709.17642,3139.572209,2.546083868,0.46 ,0.473866178,0.153546965,NA,NA,NA,NA,NA,NA,NA,NA,NA,NA,NA,NA,NA,0.7,NA,NA,12.91992683
321,2019,N,0,0,0,NA,NA,#REF!,#REF!,NA,NA,NA,NA,#REF!,#REF!,NA,NA,NA,0.353332169,-0.353332169,NA,8.204210813,4.129088235,3.919599431,0.440741551,NA,NA,NA,NA,NA,NA,NA,0.222723766,0.130608403
323,2019,NK,0,0,0,NA,NA,#REF!,#REF!,NA,NA,NA,NA,#REF!,#REF!,NA,NA,NA,0.740765945,-0.740765945,NA,8.835515273,4.222058824,3.352302294,0.42487093,NA,NA,NA,NA,NA,NA,NA,0.562155147,0.178610798
129,2001,HNPKM,78.5915493,237,315.5915493,7615.5,6816,1.17,1.07 ,0.3,0.11,1126.5,2821.5,2.2,1.12 ,0.47,0.14,218.41635,39.58875,276.0027993,2899.507167,15.4350348,5.6,227.4,1.83,NA,NA,NA,NA,NA,0.62,NA,30.3441,9.24465
30,1992,HNPKM,78.5915493,237,315.5915493,5419.5,6144,1.23,1.82 ,0.32,0.38,2557.5,6429.75,2.590727349,0.70 ,0.48,0.15,289.5638463,59.298225,256.2933243,530.7517236,11.57,6.1,22.9,0.73,NA,NA,NA,NA,NA,0.83,NA,37.3776,21.920625
140,2002,HNPKM,78.5915493,237,315.5915493,7009.5,6222.75,1.23,1.82 ,0.32,1.11,2122.5,2965.5,3.16,0.70 ,0.59,0.15,287.2168496,48.735525,266.8560243,3166.363192,16.05568445,5.8,169.7,1.56,NA,NA,NA,NA,NA,1.13,NA,31.764525,16.971
162,2004,HNPKM,78.5915493,237,315.5915493,6336.75,6947.25,1.060975069,1.82 ,0.26,0.28,2268,4796.25,2.768311562,0.59 ,0.52,0.13,284.5850464,53.956575,261.6349743,3690.621115,21.23352668,5.43,193.99,1.9663,NA,NA,NA,NA,NA,0.71,1.1212,35.92785,18.028725
41,1993,HNPKM,78.5915493,237,315.5915493,5500.5,6000,1.23,1.82 ,0.32,0.46,2025,6937.5,2.590727349,0.70 ,0.48,0.15,277.6833792,65.32785,250.2636993,781.0154229,11.41,6.18,27.9,1.25,NA,NA,NA,NA,NA,0.65,NA,45.2016,20.12625
305,2017,HNPKM,78.5915493,237,315.5915493,7342.847441,6408.2025,1.497362814,1.30 ,0.307501831,0.168696361,1643.794491,4721.174356,3.335587002,0.58 ,0.493765907,0.109287783,275.1527413,46.6659583,268.925591,7321.790266,NA,NA,NA,NA,NA,NA,NA,NA,NA,0.7,NA,33.38979473,13.27616357
239,2011,HNPKM,78.5915493,237,315.5915493,6727.738857,7200.36,1.447448316,1.03 ,0.32,0.13,1852.737981,4070.8066,2.886071862,0.89 ,0.48,0.21,261.355622,48.33106851,267.2604808,5628.519747,14.32305971,5.935,209.320555,2.245538117,NA,NA,NA,NA,NA,0.32,1.402572747,30.88923234,17.44183617
195,2007,HNPKM,78.5915493,237,315.5915493,5670.48688,7193.25,1.23,1.82 ,0.32,0.105,1374.214111,3397.625,2.590727349,0.70 ,0.48,0.15,259.9539445,37.39113575,278.2004135,4514.864768,16.04907193,6.12,248.73,2.5166,4.164528544,1219,1650.6,53.26,4122,0.64,1.1493,25.69847052,11.69266523
85,1997,HNPKM,78.5915493,237,315.5915493,8490,7306.5,1.23,1.37 ,0.32,0.19,1311,2751,2.590727349,0.35 ,0.48,0.15,248.1189855,51.46965,264.1218993,1804.28162,15.3712297,5.9,51.4,1.72,NA,NA,NA,NA,NA,1.2,NA,41.05035,10.4193
74,1996,HNPKM,78.5915493,237,315.5915493,6000,5252.25,1.23,1.82 ,0.32,0.69,1594.5,4751.25,2.590727349,0.70 ,0.48,0.15,243.8238597,70.221,245.3705493,1540.159721,11.13689095,5.7,39.4,1.52,NA,NA,NA,NA,NA,0.79,NA,55.440525,14.780475
217,2009,HNPKM,78.5915493,237,315.5915493,6378.1875,6848.066091,1.291373428,1.06 ,0.3,0.06,2200.610025,3543.927188,2.703490312,0.63 ,0.26,0.14,236.5481858,33.92648628,281.665063,5079.033806,14.25345414,5.935,209.320555,2.245538117,NA,NA,NA,NA,NA,0.51,1.402572747,23.24340215,10.68308413
52,1994,HNPKM,78.5915493,237,315.5915493,4012.5,3545.25,1.32,1.82 ,0.32,0.54,2217,7852.5,2.87,0.70 ,0.41,0.15,235.8596273,52.8528,262.7387493,1043.754172,8.468677494,6.3,27.8,1.22,NA,NA,NA,NA,NA,1.05,NA,31.98435,20.86845
327,2019,HNPKM,78.5915493,237,315.5915493,5855.147989,5774.82368,#REF!,#REF!,0.309143204,0.330676946,1453.87313,3713.711329,#REF!,#REF!,0.466733849,0.154309493,#REF!,39.24246266,276.3490866,7869.989868,16.11233475,5.880794118,241.8906251,2.123274301,NA,NA,NA,NA,NA,NA,NA,26.72613552,12.51632714
63,1995,HNPKM,78.5915493,237,315.5915493,4960.5,5776.5,1.23,1.82 ,0.32,0.62,1840.5,2689.5,2.590727349,0.70 ,0.48,0.15,232.5795442,64.55655,251.0349993,1294.789171,14.21693735,6.5,53.1,1.14,NA,NA,NA,NA,NA,0.48,NA,51.6879,12.86865
316,2018,HNPKM,78.5915493,237,315.5915493,5710.35375,4502.25,1.495114204,1.57 ,0.386219044,0.184165613,1342.231098,3650.405689,2.887918469,0.91 ,0.474177226,0.19259258,227.805793,43.74103467,271.8505146,7593.640781,NA,NA,NA,NA,NA,NA,NA,NA,NA,0.7,NA,30.34606999,13.39496468
53,1994,NPKS,52.3943662,3.624,56.0183662,3625.5,3186.75,1.42,0.96 ,0.33,0.44,2638.5,7785,3.16,0.67 ,0.59,0.07,217.9057068,47.0025,9.015866197,79.06291479,8.120649652,5.3,22.8,0.62,NA,NA,NA,NA,NA,1.05,NA,25.98585,21.01665
315,2018,NPKM,52.3943662,158,210.3943662,6130.56375,4112.055,1.32080425,1.25 ,0.371029103,0.128386074,1814.13207,6846.086979,2.698616226,0.49 ,0.45876619,0.171502855,214.697426,48.08934083,162.3050254,4825.88016,NA,NA,NA,NA,NA,NA,NA,NA,NA,0.7,NA,28.02548163,20.06385919
238,2011,NPKM,52.3943662,158,210.3943662,5820.922611,6300.315,1.356621306,0.83 ,0.25,0.13,2009.22744,3826.441313,2.716019886,0.75 ,0.45,0.16,214.4926807,37.90654561,172.4878206,3586.597423,12.49107263,5.815,127.05202,1.652044412,NA,NA,NA,NA,NA,0.32,0.627321082,22.74271603,15.16382958
107,1999,HNPKM,78.5915493,237,315.5915493,6669,5743.5,1.28,1.48 ,0.34,0.15,1485,1443,1.76,1.05 ,0.52,0.14,211.6545,41.03205,274.5594993,2343.672069,16.64733179,5.9,175.4,1.57,NA,NA,NA,NA,NA,0.54,NA,31.28985,9.7422
304,2017,NPKM,52.3943662,158,210.3943662,6108.038908,5762.88,1.386552323,0.88 ,0.295031147,0.172095898,1542.718913,4975.980087,2.97938216,0.59 ,0.501617506,0.111892194,210.8627548,41.2445788,169.1497874,4663.575135,NA,NA,NA,NA,NA,NA,NA,NA,NA,0.7,NA,27.93829737,13.30628143
216,2009,NPKM,52.3943662,158,210.3943662,6303.15,5089.008138,1.327252283,0.98 ,0.3,0.04,2258.612925,2962.648125,2.665436926,0.49 ,0.25,0.08,208.1611525,28.96170407,181.4326621,3235.014735,12.42146706,5.815,127.05202,1.652044412,NA,NA,NA,NA,NA,0.51,0.627321082,20.94505326,8.016650813
205,2008,NPKM,52.3943662,158,210.3943662,5618.622857,5769.225,1.182165843,1.56 ,0.3,0.12,1509.75,2553,2.140241654,0.61 ,0.39,0.13,204.3092198,32.98586357,177.4085026,3053.582073,14.11832947,6.3,225,1.764,NA,NA,NA,NA,NA,0.6,0.659,23.77893857,9.206925
118,2000,HNPKM,78.5915493,237,315.5915493,6385.5,3781.5,1.44,1.49 ,0.31,0.23,1309.5,2748,2.07,0.98 ,0.45,0.05,202.3326,35.75925,279.8322993,2623.504368,15.77726218,6.1,114.5,1.62,3.980115459,1170.6,1775.2,51.34,2982,0.76,NA,28.4925,7.26675
19,1991,HNPKM,78.5915493,237,315.5915493,4852.5,3837.75,1.23,1.820023858,0.32,0.31,1410,4626.75,2.590727349,0.70 ,0.48,0.15,198.3175503,41.13315,274.4583993,274.4583993,NA,NA,NA,0.45,NA,NA,NA,NA,NA,0.8,NA,27.425025,13.708125
96,1998,HNPKM,78.5915493,237,315.5915493,6750,7047,1.2,0.93 ,0.3,0.24,1368.75,4944,2.3,0.41 ,0.56,0.12,198.28875,50.7606,264.8309493,2069.112569,17.80742459,5.8,155.2,1.79,NA,NA,NA,NA,NA,0.72,NA,37.1628,13.5978
42,1993,NPKS,52.3943662,8.064,60.4583662,5395.5,6870,1.12,0.96 ,0.27,0.36,1560,4500,2.547514378,0.67 ,0.37,0.07,196.3691003,48.22185,12.2365162,70.04704859,8.45,5.03,18.6,0.58,NA,NA,NA,NA,NA,0.65,NA,39.29985,8.922
228,2010,HNPKM,78.5915493,237,315.5915493,4925.165077,6000.3,1.335964289,1.12 ,0.27,0.15,725.5401838,3953.972199,3.105275627,1.00 ,0.49,0.19,194.8911199,33.36608979,282.2254595,5361.259266,15.57664026,5.86,246.545,NA,NA,NA,NA,NA,NA,0.24,NA,22.29839571,11.06769408
282,2015,NPKM,52.3943662,158,210.3943662,5351.1801,6338.655,1.217139819,0.93 ,0.25,0.15,1290.338173,3960.384628,3.722160401,0.56 ,0.45,0.12,194.6126085,33.44491608,176.9494501,4315.220587,13.95540881,5.8625,194.6325,2.138649972,NA,NA,NA,NA,NA,1.58,0.985250952,22.88593275,10.55898333
161,2004,NPKM,52.3943662,158,210.3943662,5546.25,6012.75,1.035107687,0.91 ,0.28,0.23,2383.5,4713,2.553947869,0.41 ,0.51,0.18,192.6612624,49.998075,160.3962912,2352.338477,14.0087007,5.61,144.68,1.1726,NA,NA,NA,NA,NA,0.71,0.869,29.358825,20.63925
31,1992,NPKS,52.3943662,5.688,58.0823662,4384.5,5037,1.12,0.96 ,0.27,0.29,2149.5,5826.75,2.547514378,0.67 ,0.37,0.07,191.4411537,29.490375,28.5919912,57.81053239,8.46,5.8,8.7,0.31,NA,NA,NA,NA,NA,0.83,NA,17.4585,12.031875
84,1997,NPKM,52.3943662,158,210.3943662,5520,6036,1.16,1.44 ,0.31,0.15,1212,2349,2.433414613,0.36 ,0.45,0.13,188.8997851,34.6737,175.7206662,1159.503713,15.83526682,5.4,71.9,1.36,NA,NA,NA,NA,NA,1.2,NA,26.166,8.5077
283,2015,HNPKM,78.5915493,237,315.5915493,3894.197048,6473.52,1.275145918,1.05 ,0.27,0.19,1187.579523,4231.849781,3.377535273,0.69 ,0.44,0.14,186.9878354,33.96395962,281.6275897,6768.020526,15.92442651,5.74,255.83,2.672980938,NA,NA,NA,NA,NA,1.58,1.558907138,22.81402003,11.14993959
220,2009,M,0,158,158,5852.925,4834.666057,1.304561743,1.09 ,0.31,0.07,1854.592725,2546.555893,2.530247809,0.40 ,0.25,0.08,186.2514025,28.20206027,129.7979397,2109.739857,16.10053696,6.495,184.230035,1.777471343,NA,NA,NA,NA,NA,0.51,1.035995181,21.52833374,6.673726527
75,1996,NPKS,52.3943662,5.592,57.9863662,5550,4762.5,1.12,0.96 ,0.27,0.58,1743,4860,2.547514378,0.67 ,0.37,0.07,184.9882997,52.4586,5.527766197,100.4732472,8.700696056,4.6,33.2,0.66,NA,NA,NA,NA,NA,0.79,NA,42.6075,9.8511
151,2003,HNPKM,78.5915493,237,315.5915493,7818,6564,1.11059905,0.63 ,0.36,0.19,1911,3636,2.30318099,0.30 ,0.38,0.14,183.2497709,52.9686,262.6229493,3428.986141,19.4025522,5.7,237.3,1.45,NA,NA,NA,NA,NA,0.46,NA,40.6164,12.3522
139,2002,NPKM,52.3943662,158,210.3943662,7087.5,3849,1.16,0.91 ,0.31,1.02,1780.5,2442,2.88,0.57 ,0.41,0.13,182.6029035,40.33635,170.0580162,2024.718569,14.23433875,5.9,104.4,1.22,NA,NA,NA,NA,NA,1.13,NA,29.8617,10.47465
86,1997,NPKS,52.3943662,7.44,59.8343662,6481.5,6042,1.12,1.18 ,0.27,0.14,1311,1551,2.547514378,0.33 ,0.37,0.07,182.4046135,31.89525,27.9391162,128.4123634,10.03480278,4.6,36,0.78,NA,NA,NA,NA,NA,1.2,NA,25.95885,5.9364
128,2001,NPKM,52.3943662,158,210.3943662,7161,6717,1.05,0.90 ,0.29,0.16,1201.5,2766,2.1,0.74 ,0.42,0.12,181.14189,39.8796,170.5147662,1854.660553,14.35034803,5.7,191.6,1.45,NA,NA,NA,NA,NA,0.62,NA,31.5141,8.3655
173,2005,HNPKM,78.5915493,237,315.5915493,5520,7690.5,0.984670015,0.80 ,0.34,0.15,1554,5883,2.438489558,0.44 ,0.56,0.14,179.9351978,47.24235,268.3491993,3958.970314,12.76757541,5.86,299.31,1.8862,NA,NA,NA,NA,NA,0.71,1.0732,30.30375,16.9386
294,2016,HNPKM,78.5915493,237,315.5915493,5409.173824,3444.22125,1.354889526,0.89 ,0.29,0.06,1104.4168,4107.107473,3.105909933,0.96 ,0.47,0.19,177.822562,30.7474,284.8441493,7052.864675,14.91223915,6.08,289.5816667,2.79405864,NA,NA,NA,NA,NA,0.7,1.130385082,17.75313684,12.99426316
227,2010,NPKM,52.3943662,158,210.3943662,4387.223318,5400.27,1.32772471,0.98 ,0.3,0.13,875.1768966,4068.604748,2.713504007,1.04 ,0.48,0.17,177.4515772,31.29949813,179.0948681,3414.109603,13.28926336,5.395,150.731125,1.652044412,NA,NA,NA,NA,NA,0.24,NA,20.18202096,11.11747718
50,1994,NPK,52.3943662,0,52.3943662,3105,3600.75,1.47,1.01 ,0.28,0.39,2353.5,5745,2.38,0.68 ,0.35,0.06,176.9758326,34.421175,17.9731912,94.84808979,8.004640371,5.3,23.7,0.76,NA,NA,NA,NA,NA,1.05,NA,22.736925,11.68425
260,2013,NPKM,52.3943662,158,210.3943662,6361.1325,7667.325,1.086445059,0.66 ,0.22,0.04,1102.235843,2810.597096,3.33116889,0.70 ,0.41,0.14,176.3916948,25.51542439,184.8789418,3953.324672,14.58580482,5.75,180.6763,1.644112137,NA,NA,NA,NA,NA,0.22,0.665497497,17.0614215,8.454002889
184,2006,HNPKM,78.5915493,237,315.5915493,5328,4795.5,1.052557032,1.38 ,0.34,0.21,1240.516484,3761.25,2.783332396,0.48 ,0.51,0.09,174.727376,37.89750907,277.6940402,4236.664355,14.38153666,5.86,328.8675,2.016155186,NA,NA,NA,NA,NA,0.84,1.009630973,28.18575,9.711759066
25,1992,NP,52.3943662,0,52.3943662,3610.5,4107,1.23,1.14 ,0.27,0.11,2163,4858.5,2.385412302,0.65 ,0.32,0.07,174.4236501,21.93585,30.4585162,63.99383239,9.32,6.3,8.6,0.56,NA,NA,NA,NA,NA,0.83,NA,11.6133,10.32255
242,2011,M,0,158,158,5850.2925,5125.25625,1.422925104,0.75 ,0.26,0.15,1485.788571,2531.376563,2.627853044,0.49 ,0.49,0.09,173.3010144,32.45724778,125.5427522,2365.227552,16.17014253,6.495,184.230035,1.777471343,NA,NA,NA,NA,NA,0.32,1.035995181,22.89864488,9.558602906
326,2019,NPKM,52.3943662,158,210.3943662,5603.412927,4978.748766,#REF!,#REF!,0.291897908,0.30213063,1550.321431,3694.089236,#REF!,#REF!,0.449493879,0.139126055,#REF!,35.31787916,175.076487,5000.956647,13.9496773,5.842313725,169.8855823,1.629965218,4.46,1194.8,1612.2,53.54,3579.4,NA,NA,23.2098386,12.10804056
28,1992,NPK,52.3943662,0,52.3943662,4062,3969,1.15,1.01 ,0.27,0.25,2167.5,5133.75,2.34258194,0.68 ,0.31,0.06,172.3803719,27.7491,24.6452662,56.19563239,8.89,5.9,10.1,0.57,NA,NA,NA,NA,NA,0.83,NA,17.9496,9.7995
206,2008,HNPKM,78.5915493,237,315.5915493,3340.08271,6093.9,1.27371964,1.02 ,0.38,0.14,1586.25,3066,2.27265967,0.87 ,0.4,0.18,167.7578928,33.0875743,282.503975,4797.368743,16.26218097,6.1,347.2,2.403,NA,NA,NA,NA,NA,0.6,0.896,21.2237743,11.8638
293,2016,NPKM,52.3943662,158,210.3943662,5161.445096,3324.16125,1.355356486,0.99 ,0.29,0.07,1330.060503,3950.663156,2.991949494,0.63 ,0.51,0.18,167.3777101,31.1896059,179.2047603,4494.425347,12.4834383,5.863333333,220.0233333,2.055921048,NA,NA,NA,NA,NA,0.7,0.757680502,17.29510365,13.89450225
72,1996,NPK,52.3943662,0,52.3943662,5325,4387.5,1.15,1.01 ,0.27,0.51,1492.5,3780,2.34258194,0.68 ,0.31,0.06,166.1371824,43.6485,8.745866197,119.1126222,8.758700696,4.6,27.6,0.83,NA,NA,NA,NA,NA,0.79,NA,36.75375,6.89475
106,1999,NPKM,52.3943662,158,210.3943662,5901,5301.75,1.16,0.98 ,0.33,0.2,1551,1369.5,2.13,0.91 ,0.55,0.1,165.9075,39.9768,170.4175662,1500.932696,12.99303944,5.8,80.4,1.13,NA,NA,NA,NA,NA,0.54,NA,30.0768,9.9
51,1994,NPKM,52.3943662,158,210.3943662,3240,2900.25,1.47,0.91 ,0.41,0.49,2134.5,6873,2.44,0.57 ,0.31,0.13,165.5636706,43.047075,167.3472912,665.5118898,8.004640371,6.3,25.9,0.98,NA,NA,NA,NA,NA,1.05,NA,27.495225,15.55185
231,2010,M,0,158,158,2835.14175,3825.19125,1.334355625,1.27 ,0.29,0.22,1374.8625,3612.993141,2.941795117,1.03 ,0.41,0.16,163.9476655,28.0550571,129.9449429,2239.6848,14.74274279,6.49,130.5,NA,NA,NA,NA,NA,NA,0.24,NA,16.63733183,11.41772528
40,1993,NPKM,52.3943662,158,210.3943662,5298,4980,1.16,0.91 ,0.31,0.42,1335,4125,2.433414613,0.57 ,0.45,0.13,163.0168693,48.7098,161.6845662,498.1645986,10.41,6.25,23.8,1.1,NA,NA,NA,NA,NA,0.65,NA,37.3398,11.37
261,2013,HNPKM,78.5915493,237,315.5915493,5634.36,7327.665,1.135631933,0.74 ,0.22,0.11,839.6674811,2187.549339,3.11977176,0.68 ,0.38,0.16,159.1469119,27.14683887,288.4447104,6199.110837,18.1561835,5.785,244.84845,2.253013844,5.194034638,1214.2,1564.6,46.82,2670.2,0.22,0.931958091,20.4560235,6.690815371
308,2017,M,0,158,158,5343.411111,4322.16,1.331114817,0.72 ,0.298394107,0.230458585,1609.146484,4504.34993,2.430541244,0.37 ,0.448383293,0.13958544,158.2499877,39.4077733,118.5922267,3143.689452,NA,NA,NA,NA,NA,NA,NA,NA,NA,0.7,NA,25.90521265,13.50256065
18,1991,NPKM,52.3943662,158,210.3943662,3868.5,3724.5,1.16,0.912226901,0.31,0.28,2133,4743.75,2.433414613,0.57 ,0.45,0.13,157.9470718,38.186325,172.2080412,172.2080412,NA,NA,NA,0.45,NA,NA,NA,NA,NA,0.8,NA,22.42095,15.765375
36,1993,NP,52.3943662,0,52.3943662,3166.5,4320,1.23,1.14 ,0.27,0.13,1455,5175,2.385412302,0.65 ,0.32,0.07,156.558904,22.44405,29.9503162,93.94414859,9.51,5.31,13.6,0.63,NA,NA,NA,NA,NA,0.65,NA,14.16555,8.2785
194,2007,NPKM,52.3943662,158,210.3943662,4444.947429,5820.75,1.16,0.91 ,0.31,0.095,1333.495427,3250,2.433414613,0.57 ,0.45,0.13,155.7387706,29.53477895,180.8595872,2876.17357,14.38491879,6.04,181.62,1.7063,2.51603592,1029.8,1602,53.76,3980.6,0.64,0.7017,19.30904953,10.22572942
319,2018,M,0,158,158,5517.7575,3121.56,1.242616249,1.30 ,0.372073855,0.162701586,1695.229213,2900.288129,2.131521414,0.33 ,0.451898917,0.148135112,154.845579,37.56602818,120.4339718,3264.123424,NA,NA,NA,NA,NA,NA,NA,NA,NA,0.7,NA,25.60896066,11.95706752
286,2015,M,0,158,158,3593.150241,5569.425,1.170036449,0.67 ,0.28,0.24,1196.076463,4582.811733,3.750840728,0.66 ,0.45,0.18,154.3718921,37.05884588,120.9411541,2893.284543,14.42737123,6.785,160.11,1.541296427,NA,NA,NA,NA,NA,1.58,0.907933831,23.42744067,13.6314052
47,1994,NP,52.3943662,0,52.3943662,3501,2169,1.44,1.14 ,0.26,0.14,1897.5,5734.5,2.2,0.65 ,0.33,0.07,154.1103485,22.4151,29.9792662,123.9234148,6.844547564,5.5,18.6,0.67,NA,NA,NA,NA,NA,1.05,NA,12.1392,10.2759
29,1992,NPKM,52.3943662,158,210.3943662,2973,3769.5,1.16,0.91 ,0.31,0.35,2121,5064.75,2.433414613,0.57 ,0.45,0.13,149.5177817,46.122375,164.2719912,336.4800324,10.78,6.2,21.7,0.7,NA,NA,NA,NA,NA,0.83,NA,29.9937,16.128675
39,1993,NPK,52.3943662,0,52.3943662,2973,5250,1.15,1.01 ,0.27,0.32,1380,4350,2.34258194,0.68 ,0.31,0.06,149.0282268,31.7151,20.6792662,76.87489859,9.19,5.26,20.9,0.65,NA,NA,NA,NA,NA,0.65,NA,24.8271,6.888
62,1995,NPKM,52.3943662,158,210.3943662,4207.5,5070.75,1.16,0.91 ,0.31,0.57,1680,2166,2.433414613,0.57 ,0.45,0.13,148.36093,52.322325,158.0720412,823.583931,8.039443155,6.9,35.5,0.97,NA,NA,NA,NA,NA,0.48,NA,41.946525,10.3758
61,1995,NPK,52.3943662,0,52.3943662,3859.5,4273.5,1.15,1.01 ,0.27,0.45,1800,2740.5,2.34258194,0.68 ,0.31,0.06,148.286569,36.8757,15.5186662,110.366756,9.883990719,5.2,11.7,0.66,NA,NA,NA,NA,NA,0.48,NA,29.6514,7.2243
20,1991,NPKS,52.3943662,3.216,55.6103662,3561,3040.5,1.12,0.958526741,0.27,0.21,2077.5,3864.75,2.547514378,0.67 ,0.37,0.07,148.0152518,26.391825,29.2185412,29.2185412,NA,NA,NA,0.45,NA,NA,NA,NA,NA,0.8,NA,15.99975,10.392075
209,2008,M,0,158,158,5480.0145,4995,1.094951894,0.77 ,0.28,0.19,1183.5,2446.5,2.5953,0.69 ,0.39,0.17,146.1203144,33.6092406,124.3907594,1979.941918,15.33642691,6.8,29,1.335,NA,NA,NA,NA,NA,0.6,0.553,24.8345406,8.7747
55,1994,M,0,158,158,3975,2544,1.14,0.78 ,0.31,0.45,1714.5,6390,2.52,0.59 ,0.51,0.13,145.7694693,40.82145,117.17855,239.24065,NA,NA,NA,NA,NA,NA,NA,NA,NA,1.05,NA,23.7705,17.05095
69,1996,NP,52.3943662,0,52.3943662,3675,4012.5,1.23,1.14 ,0.27,0.22,1383,3217.5,2.385412302,0.65 ,0.32,0.07,144.8952366,25.42785,26.9665162,182.4681972,10.61484919,4.8,18.6,0.65,NA,NA,NA,NA,NA,0.79,NA,18.75,6.67785
64,1995,NPKS,52.3943662,5.136,57.5303662,4138.5,4406.25,1.12,0.96 ,0.27,0.52,1629,2191.5,2.547514378,0.67 ,0.37,0.07,144.8645208,41.6478,15.8825662,94.94548099,10.80046404,5.3,28.2,0.76,NA,NA,NA,NA,NA,0.48,NA,34.08645,7.56135
73,1996,NPKM,52.3943662,158,210.3943662,4200,3975,1.16,0.91 ,0.31,0.63,1387.5,4530,2.433414613,0.57 ,0.45,0.13,144.711249,50.19525,160.1991162,983.7830472,11.71693735,5.8,37.6,0.88,NA,NA,NA,NA,NA,0.79,NA,38.0625,12.13275
110,1999,M,0,158,158,5595,5212.5,1.15,0.90 ,0.4,0.28,1081.5,1083,2.12,0.93 ,0.5,0.13,144.2547,43.7904,114.2096,857.94785,13.80510441,6.4,77.5,1.04,NA,NA,NA,NA,NA,0.54,NA,36.975,6.8154
172,2005,NPKM,52.3943662,158,210.3943662,4788,5711.25,0.877768696,0.48 ,0.34,0.15,2052,5275.5,2.470670717,0.42 ,0.58,0.15,142.4879194,44.660925,165.7334412,2518.071918,12.98758701,5.74,165.48,1.7248,NA,NA,NA,NA,NA,0.71,1.0732,24.846075,19.81485
99,1998,M,0,158,158,3672,3645,1.66,0.71 ,0.31,0.24,1255.5,5667,1.82,0.52 ,0.53,0.15,139.1532,35.28585,122.71415,743.73825,15.9512761,6.3,64.6,0.99,NA,NA,NA,NA,NA,0.72,NA,20.1312,15.15465
95,1998,NPKM,52.3943662,158,210.3943662,5385,4374,1.23,0.64 ,0.31,0.21,1152.75,4549.5,2.09,0.45 ,0.54,0.16,138.794325,39.38295,171.0114162,1330.51513,9.048723898,5.9,88.3,1.35,NA,NA,NA,NA,NA,0.72,NA,25.8789,13.50405
250,2012,HNPKM,78.5915493,237,315.5915493,4395.21975,2437.266331,1.209913971,0.65 ,0.32,0.13,1330.033477,3983.56,3.240098252,0.65 ,0.56,0.22,137.923596,33.4451689,282.1463804,5910.666127,16.12448209,6.1185,248.7344,2.516612581,NA,NA,NA,NA,NA,0.54,1.149316013,17.23314943,16.21201947
37,1993,NK,0,0,0,3054,4410,1.16,1.18 ,0.23,0.44,930,3150,2.392302826,0.89 ,0.33,0.06,137.7458441,31.3872,-31.3872,-67.727175,8.89,5.25,5.4,0.44,NA,NA,NA,NA,NA,0.65,NA,26.4282,4.959
143,2002,M,0,158,158,4962,3615,1.14,0.78 ,0.31,0.86,1552.5,2188.5,2.53,0.59 ,0.52,0.13,136.8227606,37.86825,120.13175,1242.14399,14.1937355,6.8,81.7,0.96,NA,NA,NA,NA,NA,1.13,NA,26.9502,10.91805
176,2005,M,0,158,158,2556,2931,0.909127194,0.61 ,0.33,0.2,2265,4638,2.491768389,0.83 ,0.54,0.14,136.2617811,33.021,124.979,1596.91154,13.21316705,6.57,99.84,1.2975,NA,NA,NA,NA,NA,0.71,0.7314,14.2968,18.7242
249,2012,NPKM,52.3943662,158,210.3943662,5055.25275,2520.452163,1.234211981,0.73 ,0.25,0.14,1452.050839,3552.739167,2.642374025,0.43 ,0.51,0.14,134.3514971,28.54605901,181.8483072,3768.445731,14.46032638,6.0385,181.6226,1.706324096,NA,NA,NA,NA,NA,0.54,0.701749528,16.1667649,12.37929411
83,1997,NPK,52.3943662,0,52.3943662,5550,3571.5,1.15,1.09 ,0.27,0.13,1063.5,1764,2.34258194,0.34 ,0.31,0.05,133.6653089,23.8068,28.5875662,147.7001884,11.31090487,4.6,34,0.96,NA,NA,NA,NA,NA,1.2,NA,19.62795,4.17885
108,1999,NPKS,52.3943662,5.616,58.0103662,5334,4257.75,1.14,0.86 ,0.39,0.05,988.5,1053,2.14,1.36 ,0.43,0.05,132.89895,27.708525,30.3018412,192.7771458,10.09280742,4.2,21.9,0.67,NA,NA,NA,NA,NA,0.54,NA,22.931475,4.77705
58,1995,NP,52.3943662,0,52.3943662,3115.5,3546.75,1.23,1.14 ,0.27,0.16,1564.5,2461.5,2.385412302,0.65 ,0.32,0.07,132.1211641,20.8161,31.5782662,155.501681,9.843387471,5.2,13.7,0.71,NA,NA,NA,NA,NA,0.48,NA,14.08665,6.72945
272,2014,HNPKM,78.5915493,237,315.5915493,5806.748948,2975.14875,1.424580877,0.86 ,0.26,0.09,904.4978166,3035.037633,0.657599021,0.58 ,0.46,0.21,131.8000193,28.30945012,287.2820992,6486.392937,17.27478009,5.95,240.9625,1.996391397,NA,NA,NA,NA,NA,0.56,1.13997501,17.77518114,10.53426898
14,1991,NP,52.3943662,0,52.3943662,3040.5,2154,1.23,1.14265543,0.27,0.09,1917,3681,2.385412302,0.65 ,0.32,0.07,131.5967985,18.85905,33.5353162,33.5353162,NA,NA,NA,0.45,NA,NA,NA,NA,NA,0.8,NA,10.14795,8.7111
94,1998,NPK,52.3943662,0,52.3943662,5698.5,3564,1.31,0.84 ,0.26,0.08,853.5,2341.5,1.82,0.48 ,0.35,0.04,131.36085,21.59115,30.8032162,178.5034046,10.32482599,4.3,26.6,0.845,NA,NA,NA,NA,NA,0.72,NA,17.6673,3.92385
117,2000,NPKM,52.3943662,158,210.3943662,5502,2770.5,1.09,1.07 ,0.29,0.15,1096.5,2439.75,1.89,0.84 ,0.4,0.11,130.8339,27.181275,183.2130912,1684.145787,12.29698376,5.8,136,1.29,1.648492623,726.8,1551,50.26,2833.4,0.76,NA,20.11155,7.069725
150,2003,NPKM,52.3943662,158,210.3943662,5985,5293.5,0.811228933,0.51 ,0.3,0.25,1860,3071.25,2.434288038,0.29 ,0.38,0.16,129.8531999,43.17075,167.2236162,2191.942186,18.28886311,5.9,132.8,1.16,NA,NA,NA,NA,NA,0.46,NA,31.18875,11.982
17,1991,NPK,52.3943662,0,52.3943662,2688,3151.5,1.15,1.009715691,0.27,0.19,1789.5,3418.5,2.34258194,0.68 ,0.31,0.06,127.8374282,20.844,31.5503662,31.5503662,NA,NA,NA,0.45,NA,NA,NA,NA,NA,0.8,NA,13.24545,7.59855
24,1992,N,0,0,0,2527.5,3415.5,1.18,1.17 ,0.26,0.17,1281,3892.5,2.349442151,0.71 ,0.33,0.05,127.6442477,21.3672,-21.3672,-32.391825,9.13,6.5,4.8,0.41,NA,NA,NA,NA,NA,0.83,NA,15.19365,6.17355
88,1997,M,0,158,158,5335.5,4872,1.14,0.83 ,0.31,0.07,901.5,2115,2.34053834,0.23 ,0.47,0.08,127.2267531,25.8795,132.1205,621.0241,13.28306265,6.4,30.9,0.88,NA,NA,NA,NA,NA,1.2,NA,19.95045,5.92905
26,1992,NK,0,0,0,2628,2604,1.16,1.18 ,0.23,0.34,1332,3831.75,2.392302826,0.89 ,0.33,0.06,127.2081329,17.6562,-17.6562,-36.339975,8.33,6.2,4.2,0.45,NA,NA,NA,NA,NA,0.83,NA,10.96155,6.69465
330,2019,M,0,158,158,4070.884944,3631.944056,#REF!,#REF!,0.293182524,0.348587377,1433.78009,3126.564989,#REF!,#REF!,0.452646432,0.14724845,#REF!,31.42663929,126.5733607,3390.696785,14.59652426,6.636862745,130.1242688,1.332148511,5.583707505,1121,1385.2,53.94,3782,NA,NA,20.33286638,11.09377291
183,2006,NPKM,52.3943662,158,210.3943662,4639.5,3537,1.065105343,0.77 ,0.35,0.175,1542.686538,3174,2.634736073,0.27 ,0.51,0.09,125.6019029,33.15230135,177.2420649,2695.313983,14.47958718,5.83,244.955,1.71555,NA,NA,NA,NA,NA,0.84,1.039341806,22.428,10.72430135
271,2014,NPKM,52.3943662,158,210.3943662,5013.116299,2600.13,1.307069186,0.95 ,0.25,0.08,1021.621622,3549.050189,0.593586269,0.80 ,0.47,0.17,124.625032,25.44790169,184.9464645,4138.271137,14.30807598,5.96,179.73,2.005018212,NA,NA,NA,NA,NA,0.56,0.832755547,14.61289475,10.83500694
264,2013,M,0,158,158,3861.135,5124.87,1.08455484,0.70 ,0.23,0.14,851.7113571,2135.798135,3.10225097,0.66 ,0.36,0.19,118.1642199,23.17960584,134.8203942,2636.617264,15.60178455,6.46,90.9975,1.354696423,NA,NA,NA,NA,NA,0.22,1.017572678,16.0554285,7.124177341
141,2002,NPKS,52.3943662,3.48,55.8743662,3780,2968.5,1.12,0.96 ,0.27,0.96,1191,1286.25,3.24,0.67 ,0.45,0.07,118.0525902,18.69225,37.1821162,312.4618194,11.22389791,4.9,27.8,0.68,NA,NA,NA,NA,NA,1.13,NA,12.432375,6.259875
198,2007,M,0,158,158,3376.5,3996,1.14,0.78 ,0.31,0.135,1218,3387.5,2.34053834,0.59 ,0.47,0.13,117.9691563,25.9901,132.0099,1855.551158,15.05098608,6.91,161.56,1.3694,1.905067351,671,1310.8,57.12,3568.8,0.64,0.7611,15.86175,10.12835
44,1993,M,0,158,158,3159,3930,1.14,0.78 ,0.31,0.39,1140,4200,2.34053834,0.59 ,0.47,0.13,117.9097697,35.9379,122.0621,122.0621,10.94,6.45,15.6,0.65,NA,NA,NA,NA,NA,0.65,NA,25.1199,10.818
130,2001,NPKS,52.3943662,3.192,55.5863662,4705.5,3168,0.85,1.14 ,0.23,0.07,1150.5,1758.75,2.39,0.74 ,0.33,0.05,116.68701,17.716275,37.8700912,275.2797032,10.12761021,4.6,48.2,0.75,NA,NA,NA,NA,NA,0.62,NA,13.04025,4.676025
97,1998,NPKS,52.3943662,3.912,56.3063662,4960.5,3402,1.1,0.75 ,0.28,0.06,1196.25,3520.5,1.75,0.39 ,0.41,0.04,114.744825,22.243425,34.0629412,162.4753046,11.02088167,4.5,35.1,0.83,NA,NA,NA,NA,NA,0.72,NA,15.9306,6.312825
105,1999,NPK,52.3943662,0,52.3943662,4123.5,3681.75,1.12,1.08 ,0.35,0.05,945,1158,1.92,0.84 ,0.41,0.03,113.8173,20.495025,31.8993412,210.4027458,9.802784223,4.2,21.4,0.73,NA,NA,NA,NA,NA,0.54,NA,16.273125,4.2219
165,2004,M,0,158,158,2599.5,3307.5,1.045367938,0.78 ,0.28,0.52,2242.5,3538.5,2.189097291,0.33 ,0.58,0.17,113.5646601,43.49955,114.50045,1471.93254,17.89483759,6.54,105.64,1.316,NA,NA,NA,NA,NA,0.71,1.0351,24.4776,19.02195
132,2001,M,0,158,158,4722,3678,0.99,0.62 ,0.31,0.33,1275.6,2635.5,1.95,0.69 ,0.41,0.12,112.46343,35.16816,122.83184,1122.01224,13.08584687,6.7,127.8,0.87,NA,NA,NA,NA,NA,0.62,NA,26.7756,8.39256
15,1991,NK,0,0,0,3189,2606.25,1.16,1.178895713,0.23,0.25,1096.5,2025,2.392302826,0.89 ,0.33,0.06,112.0015087,18.683775,-18.683775,-18.683775,NA,NA,NA,0.45,NA,NA,NA,NA,NA,0.8,NA,13.850325,4.83345
35,1993,N,0,0,0,2787,2940,1.18,1.17 ,0.26,0.21,900,3150,2.349442151,0.71 ,0.33,0.05,110.8926628,17.9652,-17.9652,-50.357025,9.05,5.28,5.2,0.46,NA,NA,NA,NA,NA,0.65,NA,13.4202,4.545
48,1994,NK,0,0,0,1834.5,1840.5,1.21,1.18 ,0.21,0.53,1335,3435,2.66,0.89 ,0.34,0.06,110.0284802,20.2071,-20.2071,-87.934275,6.728538283,5.5,5.5,0.43,NA,NA,NA,NA,NA,1.05,NA,13.6071,6.6
218,2009,NPKS,52.3943662,2.875,55.2693662,2461.23,2490.070476,1.317321098,1.43 ,0.35,0.08,802.540125,1622.032317,3.205955458,0.78 ,0.17,0.06,106.4893818,12.94389898,42.32546721,617.5815103,8.586019739,4.18,31.228212,0.997057026,NA,NA,NA,NA,NA,0.51,0.548764172,10.60636138,2.337537603
329,2019,NPKMR,52.3943662,158,210.3943662,583.1374327,1043.381423,#REF!,#REF!,0.6,0.242,1497.1315,3134.742134,#REF!,#REF!,0.46407471,0.17123043,#REF!,NA,NA,NA,15.06503116,5.947019608,158.6213708,1.585741353,NA,NA,NA,NA,NA,NA,NA,NA,12.31544109
187,2006,M,0,158,158,2835,2697,1.027331248,0.75 ,0.38,0.355,1540.172571,3382.5,2.538278565,0.38 ,0.54,0.08,101.2655961,31.37028189,126.6297181,1723.541258,13.33083629,6.58,179.88,1.229627263,NA,NA,NA,NA,NA,0.84,0.763982737,20.34735,11.02293189
66,1995,M,0,158,158,2484,3427.5,1.14,0.78 ,0.31,0.51,1365,2307,2.34053834,0.59 ,0.47,0.13,100.4774327,34.59525,123.40475,362.6454,13.76450116,7.2,27.3,0.74,NA,NA,NA,NA,NA,0.48,NA,25.18065,9.4146
80,1997,NP,52.3943662,0,52.3943662,2923.5,3811.5,1.23,1.01 ,0.27,0.11,810,1410,2.385412302,0.31 ,0.32,0.05,98.14803965,15.3831,37.0112662,219.4794634,10.96287703,4.7,21.2,0.73,NA,NA,NA,NA,NA,1.2,NA,12.0861,3.297
152,2003,NPKS,52.3943662,4.587,56.9813662,4354.5,3387,0.771901637,0.80 ,0.26,0.08,1320,1954.5,2.262219959,0.31 ,0.33,0.07,96.55611124,19.75545,37.2259162,349.6877356,11.9025522,4.7,34,0.64,NA,NA,NA,NA,NA,0.46,NA,14.0313,5.72415
303,2017,NPK,52.3943662,0,52.3943662,2990.061753,2526.2625,1.35595753,1.12 ,0.285985422,0.149961213,897.4083643,2146.682823,2.279331387,0.33 ,0.366416455,0.023152669,96.34998122,16.12482092,36.26954528,983.7443877,NA,NA,NA,NA,NA,NA,NA,NA,NA,0.7,NA,12.33955463,3.785266287
154,2003,M,0,158,158,4131,3735,0.768486879,0.33 ,0.35,0.31,2188.5,3372,1.936935245,0.27 ,0.5,0.17,95.78574138,42.7119,115.2881,1357.43209,14.06032483,6.3,87.3,0.81,NA,NA,NA,NA,NA,0.46,NA,26.037,16.6749
121,2000,M,0,158,158,3609,1794,1.09,0.94 ,0.16,0.24,955.5,2089.5,1.72,0.98 ,0.35,0.16,93.1134,16.76745,141.23255,999.1804,12.3549884,6.6,36.8,0.89,0.617382938,364.68,1225,50.28,3230.8,0.76,NA,10.08,6.68745
163,2004,NPKS,52.3943662,2.846,55.2403662,1972.5,2116.5,1.127257898,0.96 ,0.23,0.16,1351.5,2695.5,2.781446847,0.44 ,0.36,0.04,92.06429406,13.86675,41.3736162,391.0613518,11.02598608,4.49,22.14,0.7558,NA,NA,NA,NA,NA,0.71,0.5674,7.92315,5.9436
297,2016,M,0,158,158,3116.836328,2311.155,1.123622848,0.59 ,0.29,0.3,926.2668235,2977.09962,2.89096039,0.56 ,0.46,0.2,91.99995518,26.18731698,131.812683,3025.097226,13.11680726,6.671666667,202.19,1.715321768,NA,NA,NA,NA,NA,0.7,0.880461336,15.97229035,10.21502663
149,2003,NPK,52.3943662,0,52.3943662,3063,2860.5,0.990934541,0.82 ,0.27,0.09,1348.5,1416.75,2.262538157,0.43 ,0.49,0.08,90.49231261,18.5856,33.8087662,359.3327356,11.9837587,4.6,35.6,0.67,NA,NA,NA,NA,NA,0.46,NA,10.84455,7.74105
138,2002,NPK,52.3943662,0,52.3943662,4017,1861.5,1.15,1.01 ,0.27,0.83,763.5,939.75,2.44,0.68 ,0.31,0.06,89.99399566,15.2658,37.1285662,325.5239694,9.831786543,4.7,43.9,0.78,NA,NA,NA,NA,NA,1.13,NA,12.3351,2.9307
127,2001,NPK,52.3943662,0,52.3943662,3429,2574,0.96,0.80 ,0.24,0.07,1083,1470.75,2.07,0.91 ,0.27,0.05,89.389545,13.690875,38.7034912,288.3954032,10.71925754,4.7,62.7,0.87,NA,NA,NA,NA,NA,0.62,NA,10.0314,3.659475
59,1995,NK,0,0,0,2305.5,2686.5,1.16,1.18 ,0.23,0.63,838.5,1203,2.392302826,0.89 ,0.33,0.06,89.19883775,25.71645,-25.71645,-113.650725,8.37587007,6,6,0.43,NA,NA,NA,NA,NA,0.48,NA,22.2276,3.48885
160,2004,NPK,52.3943662,0,52.3943662,1792.5,1967.25,1.029008452,1.01 ,0.24,0.16,1332,2645.25,2.728266699,0.51 ,0.36,0.08,88.04851762,14.361,38.0333662,397.3661018,11.44298144,4.46,26.12,0.7871,NA,NA,NA,NA,NA,0.71,0.5746,7.4496,6.9114
77,1996,M,0,158,158,1800,3225,1.14,0.78 ,0.31,0.55,834,3465,2.34053834,0.59 ,0.47,0.13,85.45813258,31.7418,126.2582,488.9036,10.15081206,5.8,25.6,0.76,NA,NA,NA,NA,NA,0.79,NA,23.3175,8.4243
275,2014,M,0,158,158,3595,2070.1035,1.297530264,0.56 ,0.27,0.1,790,3812.929134,0.530183616,0.57 ,0.46,0.18,84.37643033,22.27387594,135.7261241,2772.343389,14.33399642,6.72,188.775,1.701194827,NA,NA,NA,NA,NA,0.56,0.851058934,11.7766035,10.49727244
253,2012,M,0,158,158,3510.15,1954.05,1.0360134,0.55 ,0.26,0.18,1036.875,2122.03252,2.596799645,0.43 ,0.52,0.16,83.15853094,21.43068203,136.569318,2501.79687,15.12638109,6.91,161.56,1.369396778,NA,NA,NA,NA,NA,0.54,0.7611,12.64368,8.787002033
306,2017,NPKS,52.3943662,3.864681818,56.25904802,2788.276859,2446.2225,1.240300763,0.73 ,0.257391104,0.143251936,872.527051,2252.706673,2.498877119,0.30 ,0.372471219,0.015769572,80.81518614,14.28619203,41.97285598,990.8506365,NA,NA,NA,NA,NA,NA,NA,NA,NA,0.7,NA,10.68103768,3.605154352
215,2009,NPK,52.3943662,0,52.3943662,1350.675,2002.221481,1.30106843,1.55 ,0.26,0.07,647.7823875,1680.084,2.722630582,0.83 ,0.17,0.06,80.11013634,7.022590495,45.3717757,628.7299908,9.073374778,4.3,36.011954,1.057563226,NA,NA,NA,NA,NA,0.51,0.539304114,4.913310037,2.109280459
13,1991,N,0,0,0,1624.5,1752.75,1.18,1.168119241,0.26,0.13,1024.5,2283,2.349442151,0.71 ,0.33,0.05,80.0338072,11.024625,-11.024625,-11.024625,NA,NA,NA,0.45,NA,NA,NA,NA,NA,0.8,NA,6.502275,4.52235
102,1999,NP,52.3943662,0,52.3943662,2185.5,2691,1.2,1.20 ,0.38,0.09,594,654,1.88,0.98 ,0.41,0.06,76.0944,13.5546,38.8397662,303.4894458,9.802784223,4.3,26.6,0.75,NA,NA,NA,NA,NA,0.54,NA,10.7268,2.8278
119,2000,NPKS,52.3943662,3.744,56.1383662,1977,1852.5,1.1,0.82 ,0.2,0.16,1000.5,1977,1.86,1.00 ,0.34,0.06,75.3168,11.5059,44.6324662,237.409612,10.61484919,4.8,11.6,0.68,NA,NA,NA,NA,NA,0.76,NA,6.918,4.5879
46,1994,N,0,0,0,888,1446.75,1.51,1.17 ,0.31,0.26,1054.5,2940,2.22,0.71 ,0.34,0.05,74.73561771,11.56965,-11.56965,-61.926675,7.308584687,5,6.1,0.47,NA,NA,NA,NA,NA,1.05,NA,6.51435,5.0553
240,2011,NPKS,52.3943662,0.671,53.0653662,2695.573368,2115.10575,1.367315037,1.16 ,0.26,0.15,216.9505022,706.9103438,2.961067451,0.90 ,0.29,0.08,74.2951749,11.37583411,41.68953208,704.7577781,8.655625307,4.18,31.228212,0.997057026,NA,NA,NA,NA,NA,0.32,0.548764172,10.18114938,1.194684731
281,2015,NPK,52.3943662,0,52.3943662,817.3353697,2467.53,0.996347158,1.54 ,0.2,0.25,559.6771884,1432.544184,3.300223185,0.47 ,0.34,0.04,71.31238377,10.27941585,42.11495034,900.1303407,11.54832395,4.1175,64.05,1.116668754,NA,NA,NA,NA,NA,1.58,0.52746643,7.803495739,2.475920114
328,2019,NPKS,52.3943662,3.864681818,56.25904802,2002.903478,1933.402859,#REF!,#REF!,0.250955778,0.311973466,745.7937279,1537.648497,#REF!,#REF!,0.341332789,0.061859723,#REF!,11.31393582,44.9451122,1080.897512,10.23459974,4.506323529,45.16858847,0.882303765,NA,NA,NA,NA,NA,NA,NA,7.817112185,3.496823632
57,1995,N,0,0,0,1399.5,2081.25,1.18,1.17 ,0.26,0.3,864,1167,2.349442151,0.71 ,0.33,0.05,69.4672847,13.31715,-13.31715,-75.243825,8.648491879,5.5,2.2,0.45,NA,NA,NA,NA,NA,0.48,NA,9.88245,3.4347
229,2010,NPKS,52.3943662,1.909,54.3033662,2238.184294,1650.0825,1.13459182,0.92 ,0.21,0.08,426.34625,1559.973344,2.977749326,1.01 ,0.29,0.1,68.92118711,8.816630486,45.48673571,663.068246,10.65571613,4.415,49.59,NA,NA,NA,NA,NA,NA,0.24,NA,6.020253018,2.796377469
116,2000,NPK,52.3943662,0,52.3943662,2890.5,1063.5,1.11,1.02 ,0.29,0.09,802.5,1509,1.86,0.62 ,0.3,0.09,67.21455,13.1052,39.2891662,249.691912,9.918793503,4.7,42.05,0.8,0.182809493,293.2,1893.4,61.32,2732.8,0.76,NA,9.3396,3.7656
226,2010,NPK,52.3943662,0,52.3943662,1885.321534,1425.07125,1.207347051,0.88 ,0.25,0.13,442.45575,1785.08925,2.894041499,1.01 ,0.23,0.09,66.25290236,9.19012501,43.20424119,671.934232,10.3947681,4.375,44.702125,1.057563226,NA,NA,NA,NA,NA,0.24,NA,6.56589646,2.62422855
91,1998,NP,52.3943662,0,52.3943662,297,2835,1.3,0.95 ,0.28,0.07,832.5,2487,1.8,0.81 ,0.41,0.04,65.9232,7.22415,45.1702162,264.6496796,9.860788863,4.7,40.1,0.96,NA,NA,NA,NA,NA,0.72,NA,2.8161,4.40805
317,2018,NPKS,52.3943662,3.864681818,56.25904802,1365.825,1230.615,1.296421014,1.38 ,0.300768684,0.264243919,876.0878962,2092.278087,2.393794948,0.42 ,0.36285177,0.029565165,64.48487109,11.15728511,45.10176291,1035.952399,NA,NA,NA,NA,NA,NA,NA,NA,NA,0.7,NA,7.359799193,3.797485916
284,2015,NPKS,52.3943662,3.864681818,56.25904802,580.7407709,2699.7975,1.045496988,1.51 ,0.23,0.26,514.440544,1235.16657,2.212164229,0.37 ,0.36,0.08,62.93947958,11.19529649,45.06375153,896.2215067,9.895837013,4.23,76.9725,1.096355198,NA,NA,NA,NA,NA,1.58,0.543743608,8.355177273,2.840119214
124,2001,NP,52.3943662,0,52.3943662,2002.5,1611,1.03,1.17 ,0.26,0.13,828,1121.25,1.98,0.60 ,0.3,0.04,62.59635,10.2333,42.1610662,386.1509282,10.56264501,              ,52.7,0.74,NA,NA,NA,NA,NA,0.62,NA,7.3008,2.9325
174,2005,NPKS,52.3943662,2.4,54.7943662,1464,1503,0.950967544,0.77 ,0.26,0.1,1431,1803,1.936740677,0.39 ,0.53,0.03,60.28631517,13.4346,41.3597662,432.421118,8.564675174,4.5,49.96,0.7893,NA,NA,NA,NA,NA,0.71,0.5799,5.3094,8.1252
325,2019,NPK,52.3943662,0,52.3943662,1797.698545,1535.002174,#REF!,#REF!,0.248828961,0.279552475,659.3259145,1387.520548,#REF!,#REF!,0.294231412,0.059059694,#REF!,9.36665851,43.02770769,1069.579771,10.25605779,4.439245098,49.72614194,0.926322966,0.177998717,424.86,2017,58.08,4126.8,NA,NA,6.607249182,2.759409328
314,2018,NPK,52.3943662,0,52.3943662,1432.77375,915.285,1.216348856,1.32 ,0.291764835,0.171535817,1007.11985,1959.933644,2.354754912,0.29 ,0.343980365,0.018981507,58.98951447,9.586691059,42.80767514,1026.552063,NA,NA,NA,NA,NA,NA,NA,NA,NA,0.7,NA,5.750371575,3.836319484
196,2007,NPKS,52.3943662,5.4,57.7943662,1256.698774,1998,1.12,0.96 ,0.27,0.09,568.5218182,1512.058824,2.547514378,0.67 ,0.37,0.07,57.90671859,8.353258594,49.4411076,525.5899255,10.92650812,4.76,38.84,0.9586,NA,NA,NA,NA,NA,0.64,0.5333,5.19128669,3.161971904
16,1991,PK,52.3943662,0,52.3943662,598.5,1449,1.05,0.530376868,0.29,0.2,1470,2874.75,2.15091798,0.40 ,0.4,0.07,56.99946257,12.525975,39.8683912,39.8683912,NA,NA,NA,0.45,NA,NA,NA,NA,NA,0.8,NA,4.63365,7.892325
237,2011,NPK,52.3943662,0,52.3943662,2382.976286,1300.065,1.295923917,1.26 ,0.23,0.13,167.508375,525.314726,2.892061591,0.92 ,0.26,0.07,56.94410327,7.97417204,44.42019416,716.3544262,9.142980346,4.3,36.011954,1.057563226,NA,NA,NA,NA,NA,0.32,0.539304114,7.170929957,0.803242083
70,1996,NK,0,0,0,1350,1650,1.16,1.18 ,0.23,0.76,313.5,1012.5,2.392302826,0.89 ,0.33,0.06,51.63791799,17.28705,-17.28705,-130.937775,10.55684455,5,8.6,0.425,NA,NA,NA,NA,NA,0.79,NA,15.645,1.64205
170,2005,PK,52.3943662,0,52.3943662,379.5,951.75,0.947530857,0.75 ,0.29,0.15,1417.5,2207.25,2.569973201,0.20 ,0.32,0.05,51.49598068,8.1678,44.2265662,637.015418,7.456728538,5.34,43.71,0.6391,NA,NA,NA,NA,NA,0.71,0.5361,2.528175,5.639625
135,2002,NP,52.3943662,0,52.3943662,1465.5,1319.25,1.23,1.14 ,0.27,0.3,543,595.5,2.66,0.65 ,0.34,0.07,51.40351863,7.934925,44.4594412,430.6103694,10.4350348,4.7,20.4,0.69,NA,NA,NA,NA,NA,1.13,NA,5.671875,2.26305
185,2006,NPKS,52.3943662,1.68,54.0743662,1767,1373.25,0.993652393,0.65 ,0.28,0.12,703.4625,1140.75,2.433997376,0.55 ,0.29,0.15,49.78499561,10.34666625,43.72769995,476.1488179,9.109154361,4.51,53.7175,0.7988,NA,NA,NA,NA,NA,0.84,0.4622,6.5955,3.75116625
225,2010,PK,52.3943662,0,52.3943662,357.2877048,1005.05025,1.015680978,0.47 ,0.25,0.24,1242.844453,2303.624791,2.314766425,0.55 ,0.32,0.08,49.76128672,9.125341945,43.26902425,859.8519697,8.750335078,5.28,43.142875,NA,NA,NA,NA,NA,NA,0.24,NA,3.305339862,5.820002083
263,2013,NPKMR,52.3943662,158,210.3943662,484.515,831.6675,,,NA,NA,1028.317235,2858.043308,2.75803248,0.67 ,0.35,0.2,47.54427069,NA,NA,NA,16.45199009,6.01,94.1,1.579320202,7.888069275,1558.4,2034,49.62,2990.2,0.22,1.096462785,NA,9.315196938
171,2005,NPK,52.3943662,0,52.3943662,1309.5,951.75,0.953411887,0.77 ,0.26,0.13,882,1614.75,2.400166128,0.34 ,0.34,0.04,46.45241317,8.286675,44.1076912,441.473793,8.535440835,4.48,45.39,0.8226,NA,NA,NA,NA,NA,0.71,0.5258,4.641975,3.6447
251,2012,NPKS,52.3943662,1.881,54.2753662,850.0425,879.5498523,1.092452563,0.76 ,0.26,0.33,628.5935629,1752.215243,2.692338575,0.72 ,0.35,0.1,45.44629573,9.064917726,45.21044847,749.9682266,11.00190436,4.7625,38.83708,0.958582665,NA,NA,NA,NA,NA,0.54,0.533332495,5.112625013,3.952292713
137,2002,PK,52.3943662,0,52.3943662,1417.5,1365,1.05,0.53 ,0.29,0.88,828,889.5,2.38,0.40 ,0.35,0.07,45.36073793,11.8629,40.5314662,506.2299194,10.24941995,5.6,46.9,0.75,NA,NA,NA,NA,NA,1.13,NA,8.34225,3.52065
104,1999,PK,52.3943662,0,52.3943662,405,2490,1.11,0.64 ,0.36,0.27,909,892.5,2.13,0.60 ,0.47,0.07,45.1482,12.75405,39.6403162,380.4692708,9.280742459,4.8,22.4,0.75,NA,NA,NA,NA,NA,0.54,NA,7.857,4.89705
27,1992,PK,52.3943662,0,52.3943662,916.5,819,1.05,0.53 ,0.29,0.26,955.5,2592,2.15091798,0.40 ,0.4,0.07,44.80821583,10.4251,41.9692662,81.83765739,9.19,6.5,5.6,0.55,NA,NA,NA,NA,NA,0.83,NA,4.7887,5.6364
223,2010,NP,52.3943662,0,52.3943662,893.5616715,870.0435,1.401578919,1.16 ,0.25,0.26,329.8134593,1187.786659,2.965558295,1.04 ,0.28,0.08,44.78718271,6.369724292,46.02464191,810.149771,10.82811342,4.385,55.8295,NA,NA,NA,NA,NA,NA,0.24,NA,4.496017279,1.873707013
280,2015,PK,52.3943662,0,52.3943662,64.04025,1086.93,0.900761071,0.31 ,0.23,0.18,1184.016788,2340.788172,2.777295008,0.32 ,0.38,0.05,44.43438831,7.773424457,44.62094174,1089.039879,8.537280745,5.04,60.5675,1.05257864,NA,NA,NA,NA,NA,1.58,0.471723366,2.103766575,5.669657882
262,2013,NPKS,52.3943662,3.6945,56.0888662,1217.0175,1523.775,1.033216033,1.04 ,0.18,0.13,384.123015,1061.696704,2.88412096,0.45 ,0.26,0.04,44.36307461,5.594937521,50.49392868,800.4621553,10.36286176,4.36,30.31,0.842128081,NA,NA,NA,NA,NA,0.22,0.376895677,4.171539,1.423398521
81,1997,NK,0,0,0,388.5,2329.5,1.16,1.34 ,0.23,0.06,253.5,588,2.392302826,0.29 ,0.33,0.04,43.49158766,3.363,-3.363,-134.300775,6.670533643,5.5,4.2,0.42,NA,NA,NA,NA,NA,1.2,NA,2.29125,1.07175
212,2009,NP,52.3943662,0,52.3943662,862.93125,1214.046294,1.406259757,1.60 ,0.25,0.08,254.0127,574.7787375,2.71273622,0.83 ,0.17,0.08,43.27680792,4.02020974,48.37415646,764.1251291,9.000585938,4.1,35.246831,0.709236692,NA,NA,NA,NA,NA,0.51,0.540447094,3.12856516,0.89164458
68,1996,N,0,0,0,540,1110,1.18,1.17 ,0.26,0.37,502.5,1539.75,2.349442151,0.71 ,0.33,0.05,42.1512679,7.939125,-7.939125,-83.18295,8.062645012,5.1,3.2,0.47,NA,NA,NA,NA,NA,0.79,NA,5.511,2.428125
302,2017,PK,52.3943662,0,52.3943662,121.56075,575.2875,1.217917409,0.64 ,0.230431832,0.120238178,1109.602999,2305.379057,2.60483187,0.35 ,0.457288644,0.045881119,42.04037351,7.103652094,45.2907141,1182.206709,NA,NA,NA,NA,NA,NA,NA,NA,NA,0.7,NA,0.971829872,6.131822222
300,2017,NP,52.3943662,0,52.3943662,961.2310482,1215.6075,1.136022504,0.80 ,0.25543315,0.141549532,628.4105173,1372.482461,2.423323229,0.44 ,0.314992128,0.031026925,41.96173027,6.581272241,45.81309396,1150.836362,NA,NA,NA,NA,NA,NA,NA,NA,NA,0.7,NA,4.175989473,2.405282768
146,2003,NP,52.3943662,0,52.3943662,1218,1330.5,1.055733699,0.79 ,0.31,0.13,676.5,639,2.205712979,0.51 ,0.32,0.07,41.60382527,8.11755,44.2768162,474.8871856,10.46983759,4.6,40.7,0.72875,NA,NA,NA,NA,NA,0.46,NA,5.50545,2.6121
38,1993,PK,52.3943662,0,52.3943662,583.5,1620,1.05,0.53 ,0.29,0.33,750,2625,2.15091798,0.40 ,0.4,0.07,41.27089432,11.87565,40.5187162,122.3563736,8.69,5.65,15.6,0.62,NA,NA,NA,NA,NA,0.65,NA,7.03815,4.8375
214,2009,PK,52.3943662,0,52.3943662,552.77625,1285.778571,1.041625603,0.57 ,0.29,0.09,1065.05325,1559.737074,2.162003806,0.31 ,0.22,0.04,41.02057932,5.727263819,46.66710238,816.5829454,8.301879459,5.26,37.259587,0.745501809,NA,NA,NA,NA,NA,0.51,0.595155483,2.760251839,2.96701198
182,2006,NPK,52.3943662,0,52.3943662,843,1438.5,1.024678052,0.82 ,0.29,0.12,502.621875,861,2.373521794,0.99 ,0.28,0.09,40.89908178,6.35314125,46.04122495,487.5150179,9.568447874,4.325,62.417,0.8563,NA,NA,NA,NA,NA,0.84,0.402846827,4.1709,2.18224125
207,2008,NPKS,52.3943662,2.07,54.4643662,1161.790244,1745.7525,1.263521189,1.22 ,0.24,0.08,115.5,329.25,2.4212,0.52 ,0.36,0.06,40.55014584,4.798248585,49.66611761,575.2560431,9.924013921,4.6,51.7,0.893,NA,NA,NA,NA,NA,0.6,0.337,4.184898585,0.61335
259,2013,NPK,52.3943662,0,52.3943662,1159.05,1680.9675,0.901371222,0.77 ,0.17,0.1,390.2300175,1053.294718,2.94999607,0.49 ,0.27,0.06,40.04334806,5.336950378,47.05741582,811.036221,9.957712326,4.285,59.85546,0.859159765,NA,NA,NA,NA,NA,0.22,0.356225193,3.6513525,1.685597878
192,2007,PK,52.3943662,0,52.3943662,643.6600435,2148,1.05,0.53 ,0.29,0.12,648.0893571,1587.418605,2.15091798,0.40 ,0.4,0.07,38.39218529,8.147764578,44.24660162,723.5110993,8.633468677,5.56,36.66,0.7578,NA,NA,NA,NA,NA,0.64,0.4986,4.444214126,3.703550452
126,2001,PK,52.3943662,0,52.3943662,586.5,1930.5,0.82,0.40 ,0.27,0.3,1029,1472.25,1.68,0.58 ,0.39,0.08,38.299635,12.56595,39.8284162,465.6984532,9.042923434,5.4,50,0.82,NA,NA,NA,NA,NA,0.62,NA,7.37505,5.1909
49,1994,PK,52.3943662,0,52.3943662,225,1374,1.34,0.53 ,0.29,0.39,784.5,1680,2.67,0.40 ,0.33,0.07,37.91742686,9.77595,42.6184162,164.9747898,7.540603248,5.6,22.8,0.64,NA,NA,NA,NA,NA,1.05,NA,6.0111,3.76485
181,2006,PK,52.3943662,0,52.3943662,484.5,809.25,0.890684259,0.37 ,0.31,0.25,1056.085714,1551,2.11054885,0.53 ,0.48,0.1,37.81463348,10.14528643,42.24907977,679.2644977,8.180244688,5.125,61.458,0.8621,NA,NA,NA,NA,NA,0.84,0.398962506,3.525075,6.620211429
157,2004,NP,52.3943662,0,52.3943662,352.5,414,1.197174041,1.14 ,0.26,0.19,861,1339.5,2.607531462,0.47 ,0.34,0.06,37.69209786,5.4342,46.9601662,521.8473518,11.00226218,4.34,24.64,0.7675,NA,NA,NA,NA,NA,0.71,0.5471,1.7031,3.7311
193,2007,NPK,52.3943662,0,52.3943662,952.2921907,1174.5,1.15,1.01 ,0.27,0.1,381.3382049,810.15625,2.34258194,0.68 ,0.31,0.06,37.23798436,5.4139311,46.9804351,534.495453,9.912238979,4.53,34.34,0.863,0.837075048,368.58,1792.2,66.36,3885.4,0.64,0.4557,3.745688915,1.668242185
103,1999,NK,0,0,0,766.5,1807.5,1.19,1.35 ,0.34,0.09,60,151.5,1.91,1.47 ,0.46,0.04,36.89565,4.56945,-4.56945,-142.614525,8.642691415,4.2,5.4,0.45,NA,NA,NA,NA,NA,0.54,NA,4.23285,0.3366
274,2014,NPKMR,52.3943662,158,210.3943662,432.521625,820.041,,0.72 ,NA,0.19,1070.714286,3519.201988,0.569360075,0.69 ,0.46,0.22,36.40748671,NA,NA,NA,14.34363773,5.8775,189.1525,1.93988965,NA,NA,NA,NA,NA,0.56,1.029667082,NA,12.66753009
324,2019,PK,52.3943662,0,52.3943662,424.027529,929.5063827,#REF!,#REF!,0.272205147,0.352804389,870.3568439,1581.826757,#REF!,#REF!,0.406558893,0.073499655,#REF!,7.926356135,44.46801006,1272.701588,8.751338741,5.316529412,43.48893151,0.82058331,NA,NA,NA,NA,NA,NA,NA,3.225205778,4.701150357
159,2004,PK,52.3943662,0,52.3943662,421.5,676.5,1.099130885,0.53 ,0.35,0.4,868.5,1887.75,2.29778215,0.31 ,0.49,0.08,34.11137441,9.9471,42.4472662,592.7888518,9.632018561,5.31,23.12,0.7348,NA,NA,NA,NA,NA,0.71,0.6021,4.18125,5.76585
234,2011,NP,52.3943662,0,52.3943662,833.9126613,650.0325,1.414548729,1.69 ,0.24,0.19,215.01075,577.0050393,2.79940531,0.90 ,0.28,0.09,34.02474626,4.357786772,48.03657942,858.1863504,9.070191506,4.1,35.246831,0.709236692,NA,NA,NA,NA,NA,0.32,0.540447094,3.236452137,1.121334635
92,1998,NK,0,0,0,483,1377,1.39,0.98 ,0.21,0.1,325.5,941.25,2.09,0.73 ,0.3,0.04,33.882375,3.7443,-3.7443,-138.045075,8.990719258,4.4,4.1,0.47,NA,NA,NA,NA,NA,0.72,NA,2.3913,1.353
311,2018,NP,52.3943662,0,52.3943662,698.58375,585.2925,1.255361102,1.23 ,0.280308942,0.100631802,571.6360805,1096.966066,2.347238094,0.38 ,0.356994844,0.029159754,33.54515797,4.907767048,47.48659915,1198.322961,NA,NA,NA,NA,NA,NA,NA,NA,NA,0.7,NA,2.547183102,2.360583945
322,2019,NP,52.3943662,0,52.3943662,723.4243618,784.0020273,#REF!,#REF!,0.252933794,0.175377965,458.753439,854.5835638,#REF!,#REF!,0.309051946,0.060009825,#REF!,4.889855596,47.5045106,1245.827471,9.843184468,4.3839375,47.64190031,0.824675861,NA,NA,NA,NA,NA,NA,NA,2.959235063,1.930620533
34,1993,CK,0,0,0,559.5,1830,1,0.51 ,0.28,0.18,525,1785,1.884430524,0.47 ,0.36,0.05,33.30872507,7.6431,-7.6431,-23.829675,8.67,5.68,5.6,0.45,NA,NA,NA,NA,NA,0.65,NA,4.8606,2.7825
270,2014,NPK,52.3943662,0,52.3943662,1207.847485,775.52025,1.258188443,0.82 ,0.22,0.18,322.2307692,1493.172064,0.485742139,0.65 ,0.33,0.02,32.83114187,5.415196868,46.97916933,858.0153903,11.80716289,4.251666667,85.37,1.167235158,NA,NA,NA,NA,NA,0.56,0.558230864,4.053200917,1.361995951
292,2016,NPK,52.3943662,0,52.3943662,872.0115231,816.440625,1.207681436,1.05 ,0.19,0.21,328.164,1078.73504,2.594619198,0.46 ,0.38,0.04,32.57698563,5.049864423,47.34450177,947.4748424,10.580531,4.315,72.485,1.145760626,NA,NA,NA,NA,NA,0.7,0.58276967,3.371347206,1.678517216
236,2011,PK,52.3943662,0,52.3943662,443.4852082,825.04125,1.155828925,0.50 ,0.25,0.33,716.0479464,1380.171278,2.199358647,0.46 ,0.42,0.08,31.40959098,7.942887542,44.45147865,904.3034484,8.371485028,5.26,37.259587,0.745501809,NA,NA,NA,NA,NA,0.32,0.595155483,3.831349145,4.111538397
273,2014,NPKS,52.3943662,3.864681818,56.25904802,893.5284529,1053.025125,1.239146888,0.63 ,0.24,0.18,377.1326531,1432.833082,0.421556618,0.76 ,0.29,0.03,30.09464346,5.56344813,50.69559989,851.1577552,10.76785759,4.165,74.4575,1.077200527,NA,NA,NA,NA,NA,0.56,0.484927983,4.039913512,1.523534618
115,2000,PK,52.3943662,0,52.3943662,778.5,483.75,0.89,0.65 ,0.26,0.27,727.5,1361.25,1.81,0.48 ,0.41,0.05,29.774775,6.9936,45.4007662,425.870037,9.106728538,5.3,14.8,0.72,NA,NA,NA,NA,NA,0.76,NA,3.330225,3.663375
203,2008,PK,52.3943662,0,52.3943662,601.8932598,1048.95,1.028680504,0.47 ,0.26,0.1,697.5,1074,2.033,0.41 ,0.33,0.1,29.74084819,5.989622475,46.40474372,769.9158431,7.354988399,5.2,60.3,0.962,NA,NA,NA,NA,NA,0.6,0.548,2.613872475,3.37575
168,2005,NP,52.3943662,0,52.3943662,571.5,927,1.005008436,1.05 ,0.29,0.12,480,930.75,2.656854893,0.14 ,0.32,0.06,29.56361166,4.8642,47.5301662,569.377518,7.379698376,4.49,45.39,0.7632,NA,NA,NA,NA,NA,0.71,0.5549,2.76975,2.09445
313,2018,PK,52.3943662,0,52.3943662,245.1225,395.1975,1.136691949,0.64 ,0.311465957,0.273045219,817.9789563,1428.568094,2.398228069,0.29 ,0.447330324,0.060612323,29.0934468,6.367497241,46.02686896,1228.233578,NA,NA,NA,NA,NA,NA,NA,NA,NA,0.7,NA,1.842541021,4.52495622
12,1991,CK,0,0,0,609,866.25,1,0.512281449,0.28,0.11,624,1419,1.884430524,0.47 ,0.36,0.05,29.00047253,5.613975,-5.613975,-5.613975,NA,NA,NA,0.45,NA,NA,NA,NA,NA,0.8,NA,0,0
60,1995,PK,52.3943662,0,52.3943662,310.5,1229.25,1.05,0.53 ,0.29,0.46,646.5,1308,2.15091798,0.40 ,0.4,0.07,28.87780637,10.0566,42.3377662,207.312556,9.744779582,6.2,15.1,0.65,NA,NA,NA,NA,NA,0.48,NA,6.555,3.5016
90,1998,N,0,0,0,391.5,972,1.24,0.96 ,0.2,0.09,331.5,951.75,2.41,0.64 ,0.34,0.04,28.26615,3.1656,-3.1656,-88.9812,9.048723898,4.3,3.8,0.47,NA,NA,NA,NA,NA,0.72,NA,1.6578,1.5078
79,1997,N,0,0,0,558,1290,1.18,1.24 ,0.26,0.03,172.5,564,2.349442151,0.27 ,0.33,0.04,28.15598771,2.63265,-2.63265,-85.8156,10.90487239,5.2,2,0.5,NA,NA,NA,NA,NA,1.2,NA,1.8378,0.79485
190,2007,NP,52.3943662,0,52.3943662,603.9321429,873.75,1.23,1.14 ,0.27,0.1,276.4724768,565.5,2.385412302,0.65 ,0.32,0.07,27.6724749,3.784928711,48.60943749,666.0415025,10.06722738,4.42,40.69,0.8271,0.367222579,381.96,1912.8,69.22,3847.4,0.64,0.4505,2.504366786,1.280561926
179,2006,NP,52.3943662,0,52.3943662,378,619.5,1.124812815,0.93 ,0.28,0.165,406.5697674,836.25,2.507953278,0.77 ,0.35,0.1,26.64175304,4.339819186,48.05454701,617.432065,8.999909779,4.395,67.9244,0.84862502,NA,NA,NA,NA,NA,0.84,0.458597408,2.080575,2.259244186
93,1998,PK,52.3943662,0,52.3943662,318,972,1.44,0.67 ,0.3,0.25,465.75,1428.75,1.83,0.49 ,0.49,0.08,26.6157,6.809175,45.5851912,340.8289546,10.03480278,5.2,28.3,0.79,NA,NA,NA,NA,NA,0.72,NA,3.384,3.425175
278,2015,NP,52.3943662,0,52.3943662,484.4850775,671.8275,0.918606119,0.60 ,0.21,0.15,407.0665027,871.785254,3.481005188,0.42 ,0.33,0.02,26.2617304,3.542836422,48.85152977,1055.65598,9.807419563,4.215,73.6725,1.0890236,NA,NA,NA,NA,NA,1.58,0.404994207,2.025159913,1.51767651
101,1999,N,0,0,0,699,1164.75,1.28,1.26 ,0.35,0.07,66,148.5,1.82,0.92 ,0.35,0.03,26.19045,3.537375,-3.537375,-92.518575,8.584686775,3.5,4.7,0.43,NA,NA,NA,NA,NA,0.54,NA,3.261825,0.27555
71,1996,PK,52.3943662,0,52.3943662,270,855,1.05,0.53 ,0.29,0.52,559.5,1597.5,2.15091798,0.40 ,0.4,0.07,25.74551645,8.58525,43.8091162,251.1216722,8.178654292,5.3,9.8,0.69,NA,NA,NA,NA,NA,0.79,NA,5.229,3.35625
23,1992,CK,0,0,0,816,1071,1,0.51 ,0.28,0.15,381,1035,1.884430524,0.47 ,0.36,0.05,25.72330946,10.5726,-10.5726,-16.186575,9.211136891,6.7,5.3,0.42,NA,NA,NA,NA,NA,0.83,NA,8.6835,1.8891
204,2008,NPK,52.3943662,0,52.3943662,908.8848482,824.175,1.1952,1.37 ,0.27,0.08,88.5,228.75,2.032920713,0.68 ,0.24,0.09,25.55004998,3.53160409,48.86276211,583.3582151,9.947795824,4.5,60,0.974,NA,NA,NA,NA,NA,0.6,0.347,3.11332909,0.418275
258,2013,PK,52.3943662,0,52.3943662,72.4275,766.7325,1.063187777,0.43 ,0.24,0.13,649.80909,1579.066864,2.75351839,0.22 ,0.38,0.09,25.4094524,5.061012969,47.33335323,997.2816956,8.737450227,5.305,22.2125,0.776114647,0.134701732,285.16,1453.4,52.26,2970.6,0.22,0.282986626,1.17057825,3.890434719
256,2013,NP,52.3943662,0,52.3943662,476.7675,693.63,1.054022838,0.88 ,0.24,0.1,395.3025525,680.8370666,2.91594912,0.34 ,0.26,0.04,24.93601167,3.137993463,49.25637273,956.4190304,9.246999396,4.39,55.34297,0.748836615,0.471456062,449.8,2295,62.34,2845.2,0.22,0.247802375,1.837872,1.300121463
113,2000,NP,52.3943662,0,52.3943662,385.5,546.75,1.31,1.09 ,0.26,0.13,586.5,883.5,1.85,0.34 ,0.3,0.06,24.863775,11.89395,40.5004162,343.989862,9.512761021,4.6,16.5,0.76,NA,NA,NA,NA,NA,0.76,NA,1.713075,2.2896
248,2012,NPK,52.3943662,0,52.3943662,852.542625,540.0027,1.185684414,0.82 ,0.23,0.33,580.6555944,1711.883707,0,0.59 ,0,0.06,24.63204448,4.769987172,47.62437903,763.9788052,9.987627836,4.528,34.34092,0.862976448,NA,NA,NA,NA,NA,0.54,0.455749274,3.742856948,1.027130224
45,1994,CK,0,0,0,166.5,1139.25,1.14,0.51 ,0.29,0.22,522,1440,1.884430524,0.47 ,0.36,0.05,24.3843431,5.5884,-5.5884,-29.418075,7.018561485,6,6.8,0.48,NA,NA,NA,NA,NA,1.05,NA,2.9892,2.5992
289,2016,NP,52.3943662,0,52.3943662,416.87865,291.328125,1.266620934,1.00 ,0.22,0.1,423.7182468,1010.181182,2.595015706,0.51 ,0.31,0.05,24.32488552,3.027078311,49.36728789,1105.023268,9.410467994,4.375,67.64333333,0.999381105,NA,NA,NA,NA,NA,0.7,0.41781577,1.208461155,1.818617156
245,2012,NP,52.3943662,0,52.3943662,417.520875,270.00135,1.149697743,0.85 ,0.24,0.24,444.8611111,599.9277907,2.808202595,0.69 ,0.33,0.05,23.72039461,3.418058902,48.9763073,907.1626577,10.14261197,4.4155,40.68844,0.827129647,NA,NA,NA,NA,NA,0.54,0.450474945,1.65005334,1.768005562
295,2016,NPKS,52.3943662,3.864681818,56.25904802,525.7583115,533.908125,1.231713645,1.16 ,0.24,0.19,239.3549118,1042.450252,2.940537767,0.38 ,0.38,0.04,23.69202861,3.60277415,52.65627386,948.8777806,10.64312646,4.455,97.285,1.202979711,NA,NA,NA,NA,NA,0.7,0.618776779,2.276245385,1.326528765
148,2003,PK,52.3943662,0,52.3943662,411,1075.5,0.930494978,0.48 ,0.28,0.32,613.5,745.5,2.040043807,0.23 ,0.48,0.1,23.20814479,8.2827,44.1116662,550.3415856,9.965197216,5.3,39.7,0.71,NA,NA,NA,NA,NA,0.46,NA,4.5924,3.6903
291,2016,PK,52.3943662,0,52.3943662,52.52625,266.383125,1.165999943,0.58 ,0.27,0.22,483.4273727,1324.906736,2.856526411,0.44 ,0.51,0.1,21.75197531,4.518250086,47.87611611,1136.915995,8.2891047,5.315,64.08166667,1.040967474,NA,NA,NA,NA,NA,0.7,0.488229583,0.72786375,3.790386336
166,2005,CK,0,0,0,156,888.75,0.948488625,0.88 ,0.3,0.11,576,927.75,1.7578,0.24 ,0.22,0.04,21.69909712,3.083925,-3.083925,-69.669975,6.918329466,5.63,4.19,0.4798,NA,NA,NA,NA,NA,0.71,0.3935,1.445625,1.6383
82,1997,PK,52.3943662,0,52.3943662,403.5,1312.5,1.05,0.54 ,0.29,0.07,409.5,822,2.15091798,0.17 ,0.4,0.05,21.52965913,8.272275,44.1220912,295.2437634,6.3225058,5.4,8,0.75,NA,NA,NA,NA,NA,1.2,NA,6.223275,2.049
247,2012,PK,52.3943662,0,52.3943662,172.508625,615.003075,1.046779476,0.38 ,0.25,0.26,685.409013,1272.48,2.036292807,0.24 ,0.54,0.08,21.07623181,6.749472228,45.64489397,949.9483423,8.708894719,5.556,36.65512,0.757797084,NA,NA,NA,NA,NA,0.54,0.498583771,2.030279558,4.71919267
56,1995,CK,0,0,0,459,834.75,1,0.51 ,0.28,0.25,411,634.5,1.884430524,0.47 ,0.36,0.05,19.61341091,5.168925,-5.168925,-34.587,9.245939675,6.3,6.5,0.46,NA,NA,NA,NA,NA,0.48,NA,3.372075,1.79685
201,2008,NP,52.3943662,0,52.3943662,481.2155273,524.475,1.168997696,1.35 ,0.2,0.14,151.5,488.25,2.1472295,0.68 ,0.33,0.1,19.26327613,2.684896055,49.70947014,715.7509726,9.929234339,4.5,67.3,0.875,NA,NA,NA,NA,NA,0.6,0.39,1.696696055,0.9882
221,2010,CK,0,0,0,107.505375,600.03,1.088718618,0.48 ,0.25,0.08,407.598125,992.6885208,2.335381956,0.46 ,0.26,0.03,18.15339397,2.106349119,-2.106349119,-81.48021352,8.617807911,5.69,3.736375,0.451281281,NA,NA,NA,NA,NA,0.24,NA,0.748787438,1.357561681
114,2000,NK,0,0,0,451.5,257.25,1.15,1.34 ,0.21,0.11,162,420,2.16,1.37 ,0.26,0.08,17.8926,1.988325,-1.988325,-144.60285,9.570765661,4.7,3.1,0.44,NA,NA,NA,NA,NA,0.76,NA,1.231125,0.7572
78,1997,CK,0,0,0,582,1279.5,1,0.34 ,0.28,0.07,295.5,703.5,1.884430524,0.23 ,0.36,0.05,17.3568422,3.9408,-3.9408,-42.645975,9.048723898,5.4,3,0.51,NA,NA,NA,NA,NA,1.2,NA,2.52525,1.41555
100,1999,CK,0,0,0,156,1245,1.16,0.63 ,0.34,0.1,346.5,183,1.54,1.25 ,0.46,0.03,17.2767,3.4242,-3.4242,-49.52745,8.410672854,5.2,5.7,0.48,NA,NA,NA,NA,NA,0.54,NA,1.7754,1.6488
269,2014,PK,52.3943662,0,52.3943662,250.2347098,350.0175,1.205881986,0.49 ,0.25,0.17,696.9150943,1784.067712,0.482661005,0.51 ,0.4,0.07,17.15580298,5.2571243,47.1372419,1044.418937,9.454610635,5.23,61.485,1.055071505,NA,NA,NA,NA,NA,0.56,0.444078541,1.220616524,4.036507776
125,2001,NK,0,0,0,331.5,693,1.11,0.84 ,0.19,0.1,141,429.75,1.76,1.11 ,0.29,0.05,16.752675,1.946625,-1.946625,-146.549475,9.773781903,4.6,1.26,0.425,NA,NA,NA,NA,NA,0.62,NA,1.32285,0.623775
67,1996,CK,0,0,0,180,630,1,0.51 ,0.28,0.29,348,1068.75,1.884430524,0.47 ,0.36,0.05,16.64197408,4.118175,-4.118175,-38.705175,7.77262181,5.5,4.6,0.48,NA,NA,NA,NA,NA,0.79,NA,2.331,1.787175
155,2004,CK,0,0,0,210,597.75,0.967705227,0.51 ,0.26,0.21,349.5,1149,2.191616804,0.25 ,0.46,0.03,15.66852455,3.753675,-3.753675,-66.58605,9.697563805,5.5,4.59,0.431,NA,NA,NA,NA,NA,0.71,0.3921,1.801275,1.9524
188,2007,CK,0,0,0,168.0282321,1136.25,1,0.51 ,0.28,0.07,288.5242122,551.25,1.884430524,0.47 ,0.36,0.05,15.54635391,2.580166214,-2.580166214,-75.33212953,8.117691415,5.87,3.79,0.3985,0.001,47.48,1246.6,59.32,3231.6,0.64,0.3464,1.26585405,1.314312164
89,1998,CK,0,0,0,24,729,0.91,0.57 ,0.26,0.14,350.25,1176,1.66,0.41 ,0.51,0.05,15.00945,3.457275,-3.457275,-46.10325,8.932714617,5.4,4.9,0.46,NA,NA,NA,NA,NA,0.72,NA,1.083,2.374275
111,2000,CK,0,0,0,96,299.25,0.9,0.65 ,0.28,0.3,381,702,1.04,1.13 ,0.37,0.09,14.704125,3.20805,-3.20805,-52.7355,9.39675174,5.6,4.5,0.44,0.001,94.16,1227,43.2,2765.8,0.76,NA,1.16655,2.0415
133,2002,CK,0,0,0,321,868.5,1,0.51 ,0.28,0.48,225,408.75,2.22,0.47 ,0.34,0.05,14.58816199,3.21435,-3.21435,-59.246625,8.457076566,5.9,3.3,0.41,NA,NA,NA,NA,NA,1.13,NA,2.244975,0.969375
320,2019,CK,0,0,0,151.7099188,610.3576144,#REF!,#REF!,#REF!,#REF!,#REF!,#REF!,#REF!,#REF!,0.354632979,0.04792078,#REF!,2.387731718,-2.387731718,-96.4096769,8.263038556,5.702647059,3.836944804,0.439143832,0.001,24.98,1070.2,47.56,2950,0.7,NA,1.054398615,1.333333103
136,2002,NK,0,0,0,388.5,310.5,1.16,1.18 ,0.23,1.2,132,256.5,2.67,0.89 ,0.34,0.06,13.97812609,1.80675,-1.80675,-148.356225,9.147331787,4.5,1.94,0.41,NA,NA,NA,NA,NA,1.13,NA,1.20405,0.6027
232,2011,CK,0,0,0,345.01725,532.526625,1.023188764,0.44 ,0.22,0.06,222.511125,636.4288787,2.113189917,0.49 ,0.37,0.05,13.6872096,2.220059527,-2.220059527,-83.70027305,8.162323068,5.64,3.00827,0.451281281,NA,NA,NA,NA,NA,0.32,0.431547373,1.078553925,1.141505602
199,2008,CK,0,0,0,362.2131818,1023.975,0.981617317,0.40 ,0.26,0.06,264,390,1.473550147,0.49 ,0.32,0.08,13.42120017,2.712939273,-2.712939273,-78.0450688,7.357888631,5.9,3.2,0.463,NA,NA,NA,NA,NA,0.6,0.345,1.556139273,1.1568
122,2001,CK,0,0,0,162,654,0.94,0.51 ,0.26,0.17,333,597.15,1.62,0.52 ,0.44,0.05,13.35798,3.296775,-3.296775,-56.032275,9.170533643,5.7,4.5,0.46,NA,NA,NA,NA,NA,0.62,NA,1.533,1.763775
177,2006,CK,0,0,0,145.5,524.25,0.946573836,0.57 ,0.35,0.135,367.257375,828,1.923858443,0.22 ,0.35,0.07,13.27084675,3.081988313,-3.081988313,-72.75196331,7.536217307,5.56,4.19,0.4241,NA,NA,NA,NA,NA,0.84,0.383244481,1.2169875,1.865000813
144,2003,CK,0,0,0,154.5,580.5,0.829073258,0.37 ,0.3,0.14,409.5,583.5,1.857511929,0.25 ,0.45,0.08,12.48452728,3.58575,-3.58575,-62.832375,8.381670534,5.4,6.9,0.41,NA,NA,NA,NA,NA,0.46,NA,1.2762,2.30955
309,2018,CK,0,0,0,117.55875,187.59375,0.934782183,0.63 ,0.245097797,0.094109383,320.3431272,805.1296364,2.443832687,0.27 ,0.40481851,0.018857491,12.312712,1.913312748,-1.913312748,-94.02194519,NA,NA,NA,NA,NA,NA,NA,NA,NA,0.7,NA,0.464677228,1.448635521
210,2009,CK,0,0,0,185.0925,612.2755102,1.045226079,0.45 ,0.29,0.03,254.2627125,586.9936339,2.208165531,0.33 ,0.17,0.03,12.23202738,1.328795604,-1.328795604,-79.3738644,8.0927175,5.64,3.00827,0.451281281,NA,NA,NA,NA,NA,0.51,0.431547373,0.720450903,0.608344701
112,2000,N,0,0,0,46.5,139.5,1.03,1.17 ,0.28,0.16,181.5,545.25,2.2,0.89 ,0.3,0.05,10.956825,1.170525,-1.170525,-93.6891,9.686774942,4.4,3.7,0.43,0.001,122.8,1722.2,60.94,2462.6,0.76,NA,0.3534,0.817125
276,2015,CK,0,0,0,51.948,1018.98,0.628904227,0.26 ,0.19,0.1,199.349625,745.1395571,2.51914398,0.34 ,0.32,0.02,10.54387712,1.904627911,-1.904627911,-89.51557394,7.266856839,5.8425,3.1375,0.478593627,NA,NA,NA,NA,NA,1.58,0.364965231,1.1176812,0.786946711
267,2014,NP,52.3943662,0,52.3943662,240.5427201,268.00425,1.383678782,0.66 ,0.22,0.14,236.9411765,865.8374557,0.361938177,0.53 ,0.32,0.04,10.50576379,2.008946681,50.38541952,1006.80445,11.46913568,4.1175,69.9975,1.111794406,NA,NA,NA,NA,NA,0.56,0.481709832,0.904399934,1.104546747
243,2012,CK,0,0,0,41.00205,510.00255,1.108330026,0.38 ,0.22,0.09,210.5142857,649.4612195,2.440952611,0.34 ,0.4,0.04,9.747975537,1.651048436,-1.651048436,-85.35132148,8.193125525,5.8725,3.79348,0.39847215,NA,NA,NA,NA,NA,0.54,0.346433183,0.549206805,1.101841631
147,2003,NK,0,0,0,243,442.5,1.112351066,1.04 ,0.22,0.1,48,99.75,2.826159968,0.68 ,0.31,0.09,9.332582788,1.215675,-1.215675,-149.5719,9.912993039,4.3,5.5,0.41895,NA,NA,NA,NA,NA,0.46,NA,0.9771,0.238575
298,2017,CK,0,0,0,33,595.2975,0.932309815,0.34 ,0.270799733,0.068811111,231.0846247,752.94533,2.055423379,0.26 ,0.403208084,0.021637328,9.062828399,1.593663878,-1.593663878,-92.10863244,NA,NA,NA,NA,NA,NA,NA,NA,NA,0.7,NA,0.498994737,1.094669141
123,2001,N,0,0,0,195,175.5,1.03,1.28 ,0.26,0.1,100.5,300.75,2.03,0.90 ,0.28,0.04,9.0018,1.0842,-1.0842,-94.7733,9.060324826,4.4,1.44,0.43,NA,NA,NA,NA,NA,0.62,NA,0.6825,0.4017
254,2013,CK,0,0,0,29.97,511.9875,0.923951965,0.50 ,0.22,0.07,150.7803525,588.4949338,2.436093702,0.35 ,0.34,0.07,8.538106808,1.348924902,-1.348924902,-86.70024639,8.983648924,5.825,2.3125,0.400663856,NA,NA,NA,NA,NA,0.22,0.280133911,0.42432525,0.924599652
158,2004,NK,0,0,0,225,255,1.076357218,1.18 ,0.19,0.15,37.5,244.5,2.828533148,0.81 ,0.36,0.07,8.477533135,1.11615,-1.11615,-150.68805,9.523201856,4.21,4.2,0.4279,NA,NA,NA,NA,NA,0.71,0.4157,0.81,0.30615
287,2016,CK,0,0,0,25.762875,230.115,0.960164506,0.41 ,0.26,0.05,97.298625,542.1568967,2.978450476,0.48 ,0.45,0.07,6.708227684,0.999394615,-0.999394615,-90.51496856,7.781264341,5.7,3.286666667,0.477842929,NA,NA,NA,NA,NA,0.7,0.395812266,0.182040975,0.81735364
134,2002,N,0,0,0,142.5,165,1.18,1.17 ,0.26,0.56,54,108,2.21,0.71 ,0.34,0.05,5.574355414,0.8226,-0.8226,-95.5959,9.385150812,4.5,3.4,0.41,NA,NA,NA,NA,NA,1.13,NA,0.585,0.2376
265,2014,CK,0,0,0,170.3902439,224.7612375,1.180098284,0.51 ,0.21,0.06,97.75,574.9919527,0.320561257,0.35 ,0.31,0.02,5.491062572,0.910699645,-0.910699645,-87.61094603,8.340188228,5.675,3.785,0.439628741,NA,NA,NA,NA,NA,0.56,0.437740951,0.492676255,0.418023391
145,2003,N,0,0,0,109.5,223.5,1.10230261,1.04 ,0.21,0.16,51,90.75,2.471680947,0.71 ,0.34,0.07,5.435619083,0.824475,-0.824475,-96.420375,9.866589327,4.2,5,0.39,NA,NA,NA,NA,NA,0.46,NA,0.58755,0.236925
156,2004,N,0,0,0,36.75,85.5,1.267107762,1.17 ,0.24,0.17,31.5,201.75,2.706938461,0.80 ,0.35,0.06,3.933299362,0.46485,-0.46485,-96.885225,10.4012181,4,4.54,0.4125,NA,NA,NA,NA,NA,0.71,0.3865,0.23355,0.2313
169,2005,NK,0,0,0,72,138,1.016687542,1.36 ,0.28,1.18,37.5,60.75,2.407854456,0.67 ,0.31,0.08,3.923643383,1.99485,-1.99485,-152.6829,8.182830626,4.17,6.32,0.4835,NA,NA,NA,NA,NA,0.71,0.4448,1.83,0.16485
167,2005,N,0,0,0,49.5,112.5,0.946317957,1.23 ,0.27,0.54,52.5,64.5,2.738753333,0.59 ,0.34,0.05,3.665861609,0.9519,-0.9519,-97.837125,6.399013921,4.39,6.32,0.4284,NA,NA,NA,NA,NA,0.71,0.3833,0.74115,0.21075
1,1990,CK,0,0,0,0,0,0,0,0,0,0,0,,,0,0,0,0,0,0,7.89,5.7,13.9,0.45,0.001,96.92,1211.6,54.56,3540.8,0.79,0.455,0,0
21,1991,NPKMR,52.3943662,158,210.3943662,484.5,1365.75,,,NA,NA,1725,4744.5,,,NA,NA,0,NA,NA,NA,NA,NA,NA,0.45,NA,NA,NA,NA,NA,0.8,NA,NA,NA
32,1992,NPKMR,52.3943662,158,210.3943662,1056,942,,,NA,NA,1794,4708.5,,,NA,NA,0,NA,NA,NA,11.78,6.6,25.6,0.74,NA,NA,NA,NA,NA,0.83,NA,NA,NA
43,1993,NPKMR,52.3943662,158,210.3943662,1203,648.75,,,NA,NA,1590,4500,,,NA,NA,0,NA,NA,NA,11.75,6.29,25.6,0.78,NA,NA,NA,NA,NA,0.65,NA,NA,NA
87,1997,NPKMR,52.3943662,158,210.3943662,528,1140,,,NA,NA,1114.5,1797,,,NA,NA,0,NA,NA,NA,16.12529002,6.1,37.6,1.2,NA,NA,NA,NA,NA,1.2,NA,NA,NA
98,1998,NPKMR,52.3943662,158,210.3943662,901.5,997.5,,,NA,NA,1104,3822,,,NA,NA,0,NA,NA,NA,16.41531323,6.1,182.2,1.54,NA,NA,NA,NA,NA,0.72,NA,NA,NA
109,1999,NPKMR,52.3943662,158,210.3943662,811.5,1527,,,NA,NA,810,766.5,,,NA,NA,0,NA,NA,NA,12.99303944,5.6,80.6,1.14,NA,NA,NA,NA,NA,0.54,NA,NA,NA
120,2000,NPKMR,52.3943662,158,210.3943662,771,1284.75,,,NA,NA,1053,1831.5,,,NA,NA,0,NA,NA,NA,14.67517401,6.1,72.4,1.23,NA,NA,NA,NA,NA,0.76,NA,NA,NA
131,2001,NPKMR,52.3943662,158,210.3943662,705,965.25,,,NA,NA,922.5,2202.75,,,NA,NA,0,NA,NA,NA,13.66009281,5.8,140.5,1.38,NA,NA,NA,NA,NA,0.62,NA,NA,NA
142,2002,NPKMR,52.3943662,158,210.3943662,670.5,1299.75,,,NA,NA,1870.5,2103,,,NA,NA,0,NA,NA,NA,14.90719258,6.1,122.9,1.18,NA,NA,NA,NA,NA,1.13,NA,NA,NA
153,2003,NPKMR,52.3943662,158,210.3943662,478.5,708,,,NA,NA,1618.5,2028,,,NA,NA,0,NA,NA,NA,17.94083527,5.7,134.7,1.09,NA,NA,NA,NA,NA,0.46,NA,NA,NA
164,2004,NPKMR,52.3943662,158,210.3943662,816,1448.25,,,NA,NA,2316,4664.25,,,NA,NA,0,NA,NA,NA,18.69773782,5.81,111.05,1.6814,NA,NA,NA,NA,NA,0.71,1.206,NA,NA
175,2005,NPKMR,52.3943662,158,210.3943662,1203,1365,,,NA,NA,2049,4197,,,NA,NA,0,NA,NA,NA,12.69066125,5.71,101.97,1.3717,NA,NA,NA,NA,NA,0.71,0.9604,NA,NA
186,2006,NPKMR,52.3943662,158,210.3943662,412.5,849,,,NA,NA,1458,3157.5,,,NA,NA,0,NA,NA,NA,14.58434252,5.89,245.64,1.486920213,NA,NA,NA,NA,NA,0.84,0.946459713,NA,NA
197,2007,NPKMR,52.3943662,158,210.3943662,525,974.25,,,NA,NA,1186.8675,3127.105263,,,NA,NA,0,NA,NA,NA,14.87337587,6.07,180.3,1.8511,NA,NA,NA,NA,NA,0.64,1.0328,NA,NA
208,2008,NPKMR,52.3943662,158,210.3943662,824.25,1138.5,,,NA,NA,1591.5,2616,,,NA,NA,0,NA,NA,NA,13.45881671,6.2,205.5,1.597,NA,NA,NA,NA,NA,0.6,0.489,NA,NA
219,2009,NPKMR,52.3943662,158,210.3943662,132.75,1017,,,NA,NA,2031.851588,2931.694196,,,NA,NA,0,NA,NA,NA,15.38979502,6.065,168.376135,1.840501376,NA,NA,NA,NA,NA,0.51,1.104212802,NA,NA
230,2010,NPKMR,52.3943662,158,210.3943662,125.25,862.5,,,NA,NA,1176.242658,3158.907938,,,NA,NA,0,NA,NA,NA,16.03315271,6,139.25,NA,NA,NA,NA,NA,NA,0.24,NA,NA,NA
