ID,Name,CountyName,LAT,LON,SoilMaterials,parent_material,UseType,Landuse_code,HistoricalSoilType,CropType,pH,olsenP[mg/kg],CaCl2P[mg/l],oxalateFe[mg/kg],oxalateAl[mg/kg], oxalateP[mg/kg],TotalP[g/kg],SOM[g/kg],ClayContent[%], oxalateCa[mg/kg],Premoval[kg/ha],Pinput[kg/ha],,
2,QY,茅竹镇,111.81,26.54,红砂岩,red sandstone,fruit,2,荒地,橘子,4.87,42.91,0.390552995,1864.356,1484.144,86.19,0.479269976,9.475884266,15.8064,23.436,8.18767,80.68,45.18726648,6.152889513
3,QY,茅竹镇,111.81,26.54,红砂岩,red sandstone,paddy,1,长期水田,水稻,7.95,0.47,0.064132104,4660.904,1328.54,194.062,0.554069059,27.71910503,4.445,12.816,6.26022,150.29,67.16406044,9.320556969
4,QY,茅竹镇,111.83,26.5,红砂岩,red sandstone,forest,3,,,4.23,12.125,0.667050691,2090.136,1703.8,69.534,0.47821926,16.13936587,12.57433333,23.06,8.2393,56.06,51.42731319,4.361558322
5,QY,茅竹镇,111.84,26.49,红砂岩,red sandstone,forest,3,,,4.85,2.31,0.38671275,3436.236,1321.196,28.854,0.315672783,6.72652887,6.6,24.268,8.74925,53.07,56.08829396,1.659480308
7,QY,茅竹镇,111.79,26.51,红砂岩,red sandstone,forest,3,长期水田,樟树苗,6.03,2.915,0.317588326,2064.068,1204.232,111.858,0.603405003,11.9361041,14.9075,21.4,9.37673,65.77,41.58748626,8.676462332
8,,茅竹镇,111.78,26.48,板页岩,slate shale,upland,2,长期油茶,西瓜,5.86,14.575,0.398233487,1420.756,952.252,17.122,0.21152965,6.241613387,7.357666667,19.508,8.83502,53.46,30.99785989,1.781808753
10,,茅竹镇,111.76,26.54,板页岩,slate shale,upland,2,长期旱地,西瓜,8.03,1.485,0.064132104,3512.448,1039.064,229.886,0.730568825,24.35874785,8.2945,10.636,18.0517,114.74,51.34314286,14.44336479
12,QY,茅竹镇,111.78,26.55,红砂岩,red sandstone,forest,3,,,5.03,14.49,0.102534562,1840.68,1653.064,9.046,0.16756989,6.070556782,8.735,24.688,13.492,88.42,48.22433516,0.605102073
13,QY,茅竹镇,111.79,26.54,红砂岩,red sandstone,forest,3,,,4.62,21.69,0.198540707,1734.112,1794.824,7.422,0.308539617,8.461999197,28.1028,21.884,8.5991,93.22,49.99898901,0.478848392
14,,茅竹镇,111.8,26.58,第四纪红土,red soil of quantenary reath,forest,3,,,4.81,34.935,0.079493088,998.972,1096.02,50.702,0.226864022,9.143964774,6.4155,21.4,11.421,34.46,,
15,,茅竹镇,111.81,26.57,第四纪红土,red soil of quantenary reath,fruit,2,茶园,柚子,5.15,19.895,0.355990783,2110.32,1667.908,36.018,0.219231371,12.08089307,5.4895,39.42,0.42551,1.69,,
16,QY,观音滩镇,111.86,26.51,红砂岩,red sandstone,forest,3,,,4.85,12.91,0.31374808,537.952,468.892,17.762,0.056390335,6.268553965,2.618666667,21.06,8.44823,56.71,13.8202967,4.145842555
17,,观音滩镇,111.88,26.49,第四纪红土,red soil of quantenary reath,fruit,2,长期水田,橘子,5.6,3.96,0.183179724,1680.6,1244.952,56.706,0.492730202,12.01567989,8.417,17.636,14.9268,36.47,38.94674176,4.696736425
18,QY,观音滩镇,111.87,26.48,红砂岩,red sandstone,forest,3,,,4.46,4.2,0.398233487,1847.88,1702.976,15.994,0.410979965,9.019840704,20.787,27.816,8.07486,43.51,49.24846703,1.047617347
20,,观音滩镇,111.89,26.46,石灰岩,limestone,upland,2,长期水田,花生,5.79,3.06,0.55952381,3455.328,1006.304,110.454,0.367287438,14.775923,5.4555,20.548,0.756357,50.87,50.20314286,7.097229487
21,,观音滩镇,111.91,26.49,第四纪红土,red soil of quantenary reath,forest,3,荒地,板栗,4.39,27.725,0.332949309,2142.48,2194.488,35.642,0.240970268,11.91427758,8.762666667,40.412,4.58606,42.88,,
22,,观音滩镇,111.92,26.5,第四纪红土,red soil of quantenary reath,forest,3,,,5.12,64.165,0.202380952,1022.32,1009.44,14.006,0.18930353,10.17585858,5.737333333,21.396,2.52565,49.89,,
23,,观音滩镇,111.94,26.49,河流冲积物,river alluvium,forest,3,,,5.17,27.315,0.152457757,3022.656,2170.92,146.282,0.493664335,11.29128592,5.117,31.496,1.53762,49.54,,
24,,观音滩镇,111.92,26.47,板页岩,slate shale,paddy,1,长期水田,早稻,7.82,10.81,0.079493088,6437.456,1297.412,118.338,0.502128868,23.64846363,4.100333333,11.384,4.2952,24.79,82.42751648,4.631165661
25,,八宝镇,112.08,26.34,河流冲积物,river alluvium,upland,2,水田,生姜,5.51,2.62,0.187019969,2271.888,996.776,528.106,0.776652086,7.106005093,0.296,17.592,6.33354,39.82,39.45348352,43.17914643
26,,八宝镇,112.1,26.37,第四纪红土,red soil of quantenary reath,fruit,2,长期旱地,橘子,4.91,25.25,0.202380952,2242.312,1590.156,55.254,0.337163351,11.10249543,16.20166667,25.572,10.2448,94.5,,
27,,八宝镇,112.1,26.34,第四纪红土,red soil of quantenary reath,fruit,2,水田,橙子,5.26,20.695,0.41359447,2297.176,1336.292,119.598,0.456056381,12.53628182,10.58166667,26.544,9.01834,49.12,46.20842308,8.349127157
28,,八宝镇,112.12,26.31,板页岩,slate shale,forest,3,,,4.5,43.64,0.31374808,519.568,853.464,5.298,0.167286043,10.83403673,2.309166667,15.988,5.78326,32.22,,
29,,八宝镇,112.1,26.31,板页岩,slate shale,upland,2,长期旱地,大豆,5.3,12.69,0.04109063,1712.424,1029.552,123.302,0.471380168,11.0460939,2.9045,21.524,7.15045,49.12,35.08857692,11.33555197
30,,八宝镇,112.08,26.31,第四纪红土,red soil of quantenary reath,upland,2,长期旱地,大豆,4.34,33.4,0.137096774,1977.112,1385.696,284.13,0.746057376,11.52938763,7.853333333,25.112,0.708433,0.26,44.30078571,20.6892129
31,,八宝镇,112.08,26.31,板页岩,slate shale,paddy,1,长期水田,早稻,5.65,27.495,0.102534562,2723.08,1392.876,219.286,0.545061498,14.81499319,2.502333333,22.96,0.708433,0.26,51.09929121,13.84313122
32,QY,八宝镇,112.06,26.33,红砂岩,red sandstone,forest,3,,,4.71,23.72,0.298387097,1623.016,1360.312,59.858,0.353075775,9.837391766,8.887666667,26.144,4.04953,55.64,40.65106044,4.749945524
33,QY,八宝镇,112.06,26.36,红砂岩,red sandstone,fruit,2,水田,桂花，3年卖苗,5.99,32.65,0.217741935,1908.556,656.82,228.134,0.485864119,10.20169608,4.632166667,16.172,7.13203,63.38,29.67183242,24.801843
34,,八宝镇,112.07,26.36,河流冲积物,river alluvium,upland,2,长期旱地,甘蔗,4.62,12.185,0.38671275,2349.232,860.484,517.83,0.714396152,8.16840623,0.456833333,17.476,9.53997,61.21,37.52305495,44.51714705
35,,黄泥塘镇,112.06,26.48,板页岩,slate shale,fruit,2,水田,橘子,4.93,9.805,0.125576037,2538.66,1204.424,142.642,0.44856346,11.39995751,7.258333333,28.096,27.0867,44.24,45.82860714,10.04035498
36,,黄泥塘镇,112.13,26.46,板页岩,slate shale,forest,3,,,5.22,10.59,0.071812596,2107.348,935.836,40.006,0.403869542,9.906279927,2.792,20.584,10.9463,56.01,,
37,,黄泥塘镇,112.11,26.49,紫色页岩,purple shale,upland,2,长期旱地,油菜,5.76,34.865,0.064132104,1297.556,524.54,87.134,0.218991201,10.82525985,1.366166667,15.992,11.4217,54.06,21.67262912,12.96923496
39,,黄泥塘镇,112.16,26.51,河流冲积物,river alluvium,upland,2,长期旱地,油菜,5.34,40.34,0.275345622,1501.744,626.372,95.598,0.226615242,12.91085139,1.691833333,17.504,1.05885,29.51,25.45404396,12.11519261
40,,黄泥塘镇,112.18,26.53,河流冲积物,river alluvium,paddy,1,长期水田,水稻,5.66,5.26,0.033410138,2646.588,610.108,125.446,0.359918326,19.17539768,2.244666667,16.812,3.781,13.24,35.36309615,11.44313027
41,,黄泥塘镇,112.21,26.53,第四纪红土,red soil of quantenary reath,forest,3,,,5.19,5.48,0.044930876,1140.62,1087.676,18.05,0.242005715,7.551241056,2.713,15.512,4.99415,29.28,,
44,,黄泥塘镇,112.1,26.42,第四纪红土,red soil of quantenary reath,forest,3,,,4.32,58.62,0.021889401,1667.692,1431.564,11.002,0.137595632,7.967569204,8.733333333,33.516,12.1036,66.1,,
45,,黄泥塘镇,112.11,26.39,第四纪红土,red soil of quantenary reath,forest,3,,,4.21,41.56,0.033410138,1422.508,1538.076,10.766,0.270725737,7.584716021,38.71716667,21.28,14.1419,59.3,,
46,,进宝塘镇,112.13,26.39,板页岩,slate shale,fruit,2,荒地,橘子,7.29,35.98,0.44047619,1459.88,761.048,50.738,0.189889492,12.56581386,7.01675,15.98,26.9553,37,,
47,,进宝塘镇,112.13,26.41,板页岩,slate shale,fruit,2,荒地,橘子,4.89,18.795,0.056451613,1788.568,1225.084,40.79,0.29294554,7.794740892,5.017333333,20.4,5.52641,36.48,,
48,,进宝塘镇,112.13,26.43,石灰岩,limestone,upland,2,长期旱地,油菜,7.57,36.02,0.021889401,1362.048,616.592,117.786,0.464571087,11.10776231,4.617833333,14.66,16.4693,55.75,24.01868132,15.81913818
49,,进宝塘镇,112.1,26.43,石灰岩,limestone,paddy,1,长期水田,早稻,8.02,12.55,0.110215054,3568.712,1034.112,139.782,0.524465135,28.46268929,8.760666667,12.308,4.14679,83.57,51.75026923,8.713185151
50,,进宝塘镇,112.11,26.45,第四纪红土,red soil of quantenary reath,forest,3,,,5.55,19.65,0.137096774,1477.968,1112.112,10.098,0.181908861,9.851566195,8.740833333,15.652,9.06024,63.3,,
51,,进宝塘镇,112.11,26.44,第四纪红土,red soil of quantenary reath,forest,3,,,4.9,20.57,0.267665131,2354.364,1602.168,15.766,0.130483882,9.225604104,8.961666667,29.284,8.38352,69.24,,
53,,进宝塘镇,112.06,26.46,第四纪红土,red soil of quantenary reath,upland,2,长期旱地,花生,5.43,14.765,0.332949309,1001.224,827.84,23.15,0.286603925,10.03494441,11.70133333,14.988,0.221597,40.69,24.8595,3.003979137
54,,三口塘镇,111.81,26.41,石灰岩,limestone,upland,2,长期水田,油菜,6.79,19.87,0.048771121,1615.472,1105.624,168.802,0.626524494,13.35057964,8.524666667,13.912,0.597376,34.71,35.68585714,15.25877825
57,QY,三口塘镇,111.82,26.44,红砂岩,red sandstone,forest,3,,,4.41,25.905,0.091013825,2341.212,1400.332,13.75,0.219581651,11.83362682,19.05283333,26.716,7.86724,38.99,47.83314011,0.927282604
58,QY,三口塘镇,111.83,26.43,红砂岩,red sandstone,forest,3,,,4.81,76.09,0.025729647,1265.928,1194.848,8.434,0.130210984,6.375923295,27.45316667,12.596,8.34944,40.44,34.28077473,0.793635845
61,QY,三口塘镇,111.8,26.46,红砂岩,red sandstone,forest,3,,,4.85,20.295,0.183179724,2006.72,1571.232,20.03,0.308016825,11.47156468,16.52316667,28.488,6.10397,22.79,48.13314286,1.342378648
62,,三口塘镇,111.79,26.45,板页岩,slate shale,upland,2,长期旱地,红薯,8.41,46.11,0.244623656,1386.284,815.576,163.254,0.634816217,12.10329992,13.947,12.456,5.65024,13.31,28.06168956,18.76671771
65,,大忠桥镇,111.85,26.39,板页岩,slate shale,paddy,1,长期水田,早稻,6.99,3.635,0.037250384,7600.404,1409.116,237.822,0.627024563,27.86753941,11.22783333,20.408,3.41275,54.02,94.95913462,8.078925161
67,,大忠桥镇,111.89,26.36,板页岩,slate shale,fruit,2,长期果园,橘子，套种西瓜,4.41,5.69,0.048771121,2599.36,1439.312,62.238,0.389463582,11.16017039,15.54283333,22.176,4.88085,55.33,,
68,,大忠桥镇,111.91,26.36,板页岩,slate shale,forest,3,,,5.19,43.635,0.002688172,1784.376,1213.764,29.658,0.227272295,5.522163968,12.58366667,22.064,4.83245,48.34,,
69,,大忠桥镇,111.88,26.34,板页岩,slate shale,forest,3,旱地,板栗,4.39,97.78,0.117895545,2052.768,1752.136,197.59,0.536746123,10.97293167,17.66766667,22.744,4.92713,53.15,,
70,,大忠桥镇,111.89,26.35,河流冲积物,river alluvium,paddy,1,长期水田,早稻,7.73,35.885,0.033410138,6264.95,1072.014,164.704,0.507577456,27.4606448,6.598333333,30.804,4.77514,58.03,76.55270742,6.940358398
71,,大忠桥镇,111.94,26.39,河流冲积物,river alluvium,fruit,2,旱地,橙子,6.53,13.73,0.117895545,2321.678,630.994,301.732,0.492828366,7.947831095,0.919,37.792,1.54042,25.78,,
72,,大忠桥镇,111.92,26.43,板页岩,slate shale,forest,3,,,5.68,42.345,0.04109063,1783.582,1426.206,54.004,0.234699494,18.12342647,7.064666667,41.952,9.94035,37.06,,
73,,大忠桥镇,111.9,26.43,紫色页岩,purple shale,paddy,1,长期水田,早稻,6.01,68.39,0.033410138,3953.778,958.482,127.636,0.226818748,27.84327448,3.349666667,37.272,3.62789,44.26,53.73393544,7.662365112
74,,大忠桥镇,111.89,26.41,紫色页岩,purple shale,upland,2,长期旱地,玉米,7.67,9.415,0.144777266,2342.97,1082.738,232.244,0.315326789,10.05758164,3.7805,35.252,2.40753,98.99,41.74125962,17.94804949
75,,大忠桥镇,111.91,26.41,紫色页岩,purple shale,upland,2,长期旱地,红薯,7.95,52.79,0.029569892,1026.286,611.366,327.996,0.523993541,8.993858246,1.5925,33.644,27.4301,25.9,20.92030632,50.57534038
77,,大忠桥镇,111.91,26.38,河流冲积物,river alluvium,paddy,1,长期水田,早稻,6.36,123.535,0.044930876,1934.75,724.478,74.76,0.219559725,28.49365025,1.124666667,37.476,2.9358,24.59,31.2068228,7.727838616
78,,肖家村镇,112.02,26.37,河流冲积物,river alluvium,upland,2,长期旱地,油菜，豇豆,6.67,15.93,1.646313364,3614.098,1018.522,411.408,0.551752164,8.11784591,0.8785,43.292,6.73521,62.9,51.85569368,25.59261069
79,,肖家村镇,112.03,26.34,第四纪红土,red soil of quantenary reath,paddy,1,长期水田,早稻,6.66,47.625,0.083333333,4884.25,1836.062,383.296,0.627024563,26.33972145,9.4062,61.492,3.29412,87.08,78.91825962,15.66733372
80,,肖家村镇,112.01,26.32,板页岩,slate shale,forest,3,,,4.94,40.295,0.029569892,2422.222,1812.13,83.912,0.390553535,11.40780141,9.015,65.788,4.12154,69.41,,
81,QY,肖家村镇,112,26.33,红砂岩,red sandstone,paddy,1,长期水田,早稻,5.95,104.235,0.075652842,2484.19,1467.458,167.436,0.485380191,21.45500521,13.94533333,44.164,4.07302,108.13,50.40061401,10.71645931
82,,肖家村镇,112.01,26.31,板页岩,slate shale,forest,3,,,6.13,27.285,0.048771121,1500.934,1373.362,28.948,0.271184777,11.18127015,26.14933333,28.088,3.83499,53.12,,
83,,肖家村镇,111.99,26.3,板页岩,slate shale,upland,2,长期旱地,红薯,7.51,76.35,0.229262673,3835.61,1219.742,702.724,1.14332966,17.4542594,4.843,42.86,2.71549,22.44,57.70309478,39.28474931
84,,肖家村镇,111.98,26.31,板页岩,slate shale,fruit,2,荒地,柚子,6.53,21.82,0.04109063,4230.63,1254.482,319.788,0.552853026,9.327224392,2.4445,54.24,8.96565,39.63,,
85,,肖家村镇,111.97,26.31,河流冲积物,river alluvium,paddy,1,长期水田,水稻,5.64,18.12,0.029569892,1262.086,1301.706,135.636,0.388998319,16.18964171,0.823666667,49.956,2.87094,25.54,36.30143269,12.05284341
86,,肖家村镇,111.97,26.32,第四纪红土,red soil of quantenary reath,forest,3,,,4.81,6.81,0.06797235,2861.146,2159.706,203.412,0.485042014,12.23734267,11.387,53.196,4.07869,39.59,,
87,,肖家村镇,111.98,26.33,第四纪红土,red soil of quantenary reath,paddy,1,长期水田,早稻,5.43,15.475,0.037250384,3529.358,1891.478,268.252,0.546751189,26.53427437,5.8255,47.104,3.63212,76.85,67.88670192,12.74666478
88,,肖家村镇,111.96,26.34,板页岩,slate shale,forest,3,,,4.73,19.75,0.091013825,1677.25,2101.278,67.524,0.27032199,8.647969229,5.728,50.096,5.03601,59.27,,
89,,肖家村镇,111.96,26.37,板页岩,slate shale,fruit,2,旱地,橘子,7.08,4.95,0.14093702,3963.946,1072.294,598.28,0.692141032,11.65989995,7.1702,57.068,6.00733,105.59,,
90,,肖家村镇,112,26.37,板页岩,slate shale,paddy,1,长期水田,水稻,5.82,23.38,0.033410138,1843.29,1550.338,197.64,0.552191982,11.19586884,6.699666667,69.5,2.82819,29.81,46.27213874,13.77823469
91,,肖家村镇,111.97,26.37,板页岩,slate shale,fruit,2,旱地,橘子,6.81,10.07,0.1140553,4954.534,1192.946,303.056,0.605031107,23.24362103,6.498555556,35.964,6.02281,17.36,,
92,QY,观音滩,111.84,26.53,红砂岩,red sandstone,forest,3,,,5.16,2.35,0.033410138,1855.346,1524.802,22.404,0.137760253,11.25190216,7.592166667,67.088,8.72515,58.43,45.88870467,1.574918452
93,,白水镇,111.99,26.42,板页岩,slate shale,upland,2,长期旱地,芝麻,5.25,18.965,0.098694316,3289.146,1632.226,275.192,0.566431657,22.29395873,4.440833333,55.328,0.532922,42.43,60.75633654,14.61108717
94,,白水镇,112,26.41,板页岩,slate shale,paddy,1,长期水田,水稻,7.59,16.77,0.371351767,4539.418,1323.862,263.608,0.573369731,19.68392014,13.13633333,40.684,2.97351,25.22,65.98940247,12.88613558
95,,白水镇,112.02,26.41,石灰岩,limestone,paddy,1,长期水田,水稻,6.3,39.365,0.098694316,4089.398,1615.45,252.372,0.761649888,24.0244472,8.414571429,48.844,2.5474,22.14,67.5788283,12.04672005
96,,白水镇,112.04,26.39,第四纪红土,red soil of quantenary reath,forest,3,,,4.69,13.035,0.029569892,2361.902,2396.994,32.916,0.271293013,12.75736247,15.0658,70.844,8.97037,59.71,,
97,,白水镇,112.05,26.4,第四纪红土,red soil of quantenary reath,forest,3,,,4.64,12.06,0.06797235,2559.79,3118.098,60.372,0.226457212,12.97915908,25.48366667,79.856,11.0574,60.94,,
98,,白水镇,112.08,26.39,第四纪红土,red soil of quantenary reath,upland,2,水田,红薯,5.95,12.03,0.04109063,2334.354,1542.182,80.424,0.308416448,9.287071477,10.35383333,55.376,19.4141,72.77,50.49979258,5.137293537
99,,白水镇,112.08,26.4,第四纪红土,red soil of quantenary reath,fruit,2,水田,橘子,5.33,19.445,0.037250384,2571.774,1476.638,124.072,0.353499338,11.03699285,7.319,58.112,26.9873,78.55,51.35915247,7.792812747
100,,白水镇,112.05,26.43,第四纪红土,red soil of quantenary reath,forest,3,,,4.88,21.375,0.102534562,2365.034,2233.334,40.116,0.322986288,8.076736962,18.91366667,71.168,6.55996,44.75,,
101,,白水镇,112.03,26.46,第四纪红土,red soil of quantenary reath,paddy,1,长期水田,水稻,6.06,15.615,0.033410138,2548.466,1316.466,124.676,0.470675774,22.59960765,7.852,46.688,2.54924,27.17,48.07081456,8.366420433
102,,白水镇,112.02,26.44,第四纪红土,red soil of quantenary reath,upland,2,长期旱地,花生,7.37,8.88,0.075652842,1964.626,1843.142,271.468,0.663685455,11.34257187,13.29666667,38.884,5.27764,38.57,52.98634203,16.52696133
103,,白水镇,112.01,26.39,紫色页岩,purple shale,fruit,2,长期果园,橘子,7.76,6.8,0.037250384,990.09,707.462,203.744,0.218991201,5.359992271,1.81,29.176,12.0252,148.5,,
105,,白水镇,111.97,26.39,河流冲积物,river alluvium,upland,2,长期旱地,花生,5.93,3.585,0.044930876,3870.93,1154.886,492.164,0.692347786,8.304715759,1.171555556,54.4,0.548781,15.19,56.77122115,27.96532775
106,,白水镇,111.97,26.41,河流冲积物,river alluvium,paddy,1,长期水田,水稻,5.78,5.05,0.098694316,2344.246,1205.466,119.1,0.359703171,23.01936704,0.369666667,42.376,2.97284,27.89,44.11280632,8.709342716
107,,白水镇,111.98,26.43,河流冲积物,river alluvium,paddy,1,长期水田,水稻,5.74,10.555,0.033410138,4033.318,1101.714,113.564,0.34531342,14.77503064,15.1622,44.2,2.52631,15.12,57.19857555,6.404625996
109,,白水镇,111.95,26.42,第四纪红土,red soil of quantenary reath,upland,2,长期旱地,花生,5.59,2.165,0.037250384,1943.094,1642.45,94.488,0.456056381,11.67722761,32.35466667,49.084,4.37327,29.9,48.93463049,6.228717718
110,,白水镇,111.95,26.46,第四纪红土,red soil of quantenary reath,paddy,1,长期水田,水稻,6.84,2.195,0.064132104,5189.722,1156.956,212.038,0.465035658,28.29269441,5.351333333,31.798,3.42022,9.96,68.58595742,9.972792889
111,,凤凰乡,112,26.29,板页岩,slate shale,fruit,2,荒地,橘子,5.07,1.55,0.102534562,3655.602,2756.188,235.85,0.677959063,13.73483104,12.2405,50.158,3.04995,50.72,,
112,,凤凰乡,112.01,26.28,板页岩,slate shale,forest,3,,,5.56,0.965,0.033410138,3007.886,1861.328,141.89,0.470067001,12.11568715,6.4735,41.942,3.56018,52.35,,
113,,凤凰乡,111.98,26.28,河流冲积物,river alluvium,fruit,2,旱地,柚子,5.16,2.27,0.098694316,2585.15,1515.552,283.866,0.655493933,11.71370299,4.441166667,38.166,6.025,39.64,,
114,,凤凰乡,111.98,26.27,板页岩,slate shale,forest,3,水田,樟树,5.69,2.27,0.04109063,2276.398,988.66,88.07,0.263538787,13.03268378,1.8112,38.17,4.62903,51.68,39.33767445,7.22200227
115,,凤凰乡,111.99,26.27,板页岩,slate shale,forest,3,荒地,板栗,4.61,1.775,0.1140553,2591.59,2372.584,102.474,0.367874159,10.36124907,11.7535,37.874,3.89605,61.71,,
116,,凤凰乡,112,26.25,板页岩,slate shale,upland,2,长期旱地,红薯,5.33,28.93,0.033410138,2622.062,1732.768,334.234,0.825820504,11.93045691,3.8265,34.862,2.27022,97.84,56.7337294,19.00411281
117,,大江林场,111.98,26.23,板页岩,slate shale,forest,3,,,5.38,40.14,0.075652842,2848.666,1757.624,228.63,0.522896445,26.35515857,2.535666667,46.738,3.43489,66.36,,
118,,大江林场,111.97,26.24,河流冲积物,river alluvium,forest,3,,,4.74,5.105,0.044930876,841.542,1026.824,193.898,0.433370751,21.64182699,0.045666667,28.166,3.84934,65.39,,
120,,大江林场,111.97,26.23,板页岩,slate shale,forest,3,,,4.15,9.545,0.04109063,2574.406,2144.264,130.65,0.457104158,18.08039868,4.9708,31.822,3.90014,65.53,,
121,,大江林场,111.96,26.24,板页岩,slate shale,forest,3,,,5.21,9.13,0.1140553,1821.838,1283.14,209.01,0.61899535,11.50133688,3.992166667,29.606,4.25684,71.5,,
122,,大江林场,111.93,26.28,板页岩,slate shale,forest,3,,,5.05,18.405,0.029569892,1902.186,1512.188,70.746,0.30013394,12.04870004,3.058833333,45.526,4.47189,57.4,,
123,,大江林场,111.92,26.3,板页岩,slate shale,forest,3,,,4.5,23.2,0.06797235,3166.594,2910.152,153.702,0.433586573,27.84431589,13.35816667,38.998,4.60298,51.36,,
124,,大江林场,111.92,26.32,板页岩,slate shale,forest,3,,,4.71,2.765,0.04109063,2093.214,2386.588,79.078,0.211698267,19.03637048,6.091,35.922,4.47622,46.9,,
125,,大江林场,111.94,26.34,板页岩,slate shale,forest,3,,,4.77,4.445,0.075652842,1513.226,1247.932,144.166,0.412416241,15.35585258,6.243833333,22.354,4.273,52.22,,
126,,肖家村镇,112.03,26.34,第四纪红土,red soil of quantenary reath,teatree,3,荒地,茶树,4.4,4.66,0.14093702,1533.362,1682.252,16.522,0.30900238,14.38996524,22.59466667,27.986,0.196003,51.45,,
128,,白果市乡,112.02,26.14,花岗岩,red sandstone,teatree,3,荒地,茶叶,5.26,2.67,0.033410138,1518.222,1682.744,209.698,0.50142694,18.15883436,0.173,27.59,2.32305,58.13,,
129,,白果市乡,112.01,26.15,花岗岩,red sandstone,upland,2,长期旱地,玉米,5.52,5.345,0.225422427,841.91,1101.6,379.282,0.619118767,19.51522513,6.164666667,24.626,2.49859,29.36,28.70166896,42.62784594
130,,白果市乡,112.01,26.16,板页岩,slate shale,upland,2,长期旱地,红薯,6.11,2.33,0.037250384,2423.854,1434.128,151.682,0.463182926,15.39898676,0.818833333,38.374,1.42156,34.67,49.22093819,9.94082584
131,,白果市乡,112.03,26.17,花岗岩,red sandstone,forest,3,,,5.11,7.915,0.033410138,1052.03,1504.716,33.242,0.270860587,20.17391138,0.119166667,42.134,1.60116,34.16,,
132,,白果市乡,112,26.15,花岗岩,red sandstone,forest,3,,,5.39,17.34,0.125576037,1362.938,2837.128,130.782,0.25575372,22.47717835,0.535,31.462,1.56665,41.34,,
133,,白果市乡,112,26.16,花岗岩,red sandstone,upland,2,长期旱地,红薯,5.13,11.985,0.033410138,1959.698,3266.212,578.798,0.862390111,22.29471501,6.376,33.914,1.42166,57.95,80.3090728,23.24880935
134,,白果市乡,112.04,26.23,板页岩,slate shale,upland,2,长期旱地,红薯,4.67,1.44,0.091013825,2813.162,2233.728,491.014,0.907580205,25.06485823,7.995833333,37.766,1.42795,56.64,68.07382555,23.26762329
136,,金洞镇,112.08,26.27,板页岩,slate shale,forest,3,,,4.42,4.94,0.106374808,2627.842,2016.304,88.938,0.397065712,17.25520889,3.18825,36.378,4.4678,24.42,,
137,,金洞镇,112.09,26.26,板页岩,slate shale,upland,2,长期旱地,红薯,4.49,1.83,0.117895545,2319.538,1848.944,450.426,0.89545164,12.88633975,2.629333333,40.182,3.87662,19.66,56.2667761,25.82318017
138,,金洞镇,112.08,26.27,板页岩,slate shale,forest,3,,,4.86,1.595,0.033410138,1985.59,1374.192,83.29,0.411922674,12.96102608,0.438142857,42.186,4.5732,23.93,,
139,,晒北滩乡,112.14,26.16,花岗岩,red sandstone,upland,2,长期旱地,红薯,4.44,13.14,0.083333333,3677.386,2806.296,297.414,0.657326933,27.18025058,4.672285714,39.818,2.83718,49.11,86.80103434,11.05286368
140,QY,晒北滩乡,112.2,26.14,红砂岩,red sandstone,forest,3,,,5.6,23.425,0.04109063,2608.918,1683.372,162.282,0.52221959,28.05192258,1.439,30.182,2.50916,27.26,55.66644918,9.404054513
141,QY,晒北滩乡,112.18,26.15,红砂岩,red sandstone,forest,3,,,5.02,37.145,0.048771121,2543.866,1710.18,69.514,0.248609366,18.818488,4.161,41.942,2.57127,31.97,55.60116621,4.032985726
143,QY,小金洞乡,112.15,26.18,红砂岩,red sandstone,forest,3,,,4.75,4.07,0.04109063,638.846,959.18,68.706,0.219231371,21.80975684,0.086285714,29.41,2.72243,38.99,24.14975137,9.177413657
144,,小金洞乡,112.12,26.21,花岗岩,red sandstone,fruit,2,水田,罗汉果,5.67,1.475,0.125576037,578.806,1188.552,275.862,0.404312381,11.64977678,1.122666667,28.698,2.08461,16.65,28.02467995,31.75334816
145,QY,小金洞乡,112.13,26.23,红砂岩,red sandstone,upland,2,长期旱地,玉米,5.55,0.545,0.071812596,2948.874,1511.336,695.494,0.906766961,7.108542793,7.452333333,27.814,0.593071,18.25,55.39338599,40.5017493
146,,小金洞乡,112.14,26.23,板页岩,slate shale,forest,3,,,4.62,2.015,0.048771121,1331.826,1419.448,37.962,0.389735499,13.13485433,5.516714286,31.99,0.498714,8.65,,
147,QY,小金洞乡,112.14,26.24,红砂岩,red sandstone,forest,3,杉树林,村集体板栗,4.35,7.84,0.087173579,2212.206,1621.664,54.314,0.315326789,11.85871409,4.063833333,34.062,0.048266,0.44,50.93768544,3.439623338
148,QY,小金洞乡,112.14,26.24,红砂岩,red sandstone,teatree,3,长期茶园,茶叶,4.74,3.635,0.04109063,1404.202,1219.596,34.374,0.308755401,9.595832965,2.281,34.478,0.048266,0.44,35.99128709,3.080853171
150,QY,小金洞乡,112.12,26.26,红砂岩,red sandstone,fruit,2,荒地,柚子,5.17,12.905,0.021889401,1644.714,914.72,86.706,0.278122615,3.411264574,10.674,33.254,15.4563,12.2,32.27571566,8.665858169
151,,金洞镇,112.08,26.3,板页岩,slate shale,forest,3,,,4.49,3.575,0.106374808,2207.206,2183.18,72.79,0.308201137,16.78861273,11.70783333,29.902,2.63984,14.95,,
154,,石鼓源乡,112.13,26.34,板页岩,slate shale,paddy,1,长期水田,中稻,5.45,29.48,0.117895545,3046.906,906.832,122.966,0.410979965,14.07447144,5.137666667,32.154,1.46497,2.56,44.64359478,8.885138351
155,,石鼓源乡,112.15,26.33,板页岩,slate shale,teatree,3,长期茶园,,5.06,9.58,0.033410138,1449.23,924.804,131.286,0.574112068,7.669893895,8.984166667,20.61,0.0404459,0.2,,
156,QY,上司源乡,112.14,26.3,红砂岩,red sandstone,forest,3,,,4.84,4.17,0.052611367,2340.826,1848.448,63.106,0.316019538,27.09588393,6.851833333,37.114,3.71874,17.65,56.44730907,3.606332087
157,QY,上司源乡,112.14,26.27,红砂岩,red sandstone,forest,3,,,4.53,12.45,0.087173579,1564.734,1260.804,70.726,0.344763175,24.00212168,3.8925,27.258,4.91387,16.27,38.21707005,5.9698032
158,QY,上司源乡,112.15,26.26,红砂岩,red sandstone,upland,2,长期旱地,红薯,4.99,2.955,0.271505376,1141.454,851.12,109.386,0.544464438,5.490852849,5.557333333,22.694,1.44711,22.79,26.55924588,13.28569592
159,QY,上司源乡,112.17,26.25,红砂岩,red sandstone,teatree,3,荒地,茶叶,4.52,5.615,0.048771121,2263.254,1936.368,99.41,0.403748936,20.51693667,11.89433333,39.178,0.518073,3.38,57.44547115,5.58229244
160,QY,上司源乡,112.17,26.3,红砂岩,red sandstone,forest,3,,,4.7,3.645,0.044930876,991.766,1474.028,19.83,0.315107005,23.50160484,1.574166667,41.622,2.66699,14.47,37.20174588,1.719482256
161,QY,上司源乡,112.17,26.29,红砂岩,red sandstone,forest,3,,,4.64,1.675,0.052611367,2082.582,1570.316,52.854,0.27845533,18.97149849,4.070833333,28.966,2.72063,14.51,48.79286676,3.494297128
162,,潘市镇,112.03,26.5,板页岩,slate shale,forest,3,,,5.55,2.135,0.048771121,1685.746,801.732,58.686,0.315893357,15.43449003,3.484,35.642,8.57613,40.87,,
163,,潘市镇,112.05,26.51,板页岩,slate shale,paddy,1,长期水田,早稻,5.46,1.92,0.087173579,1871.45,680.884,117.122,0.501877954,18.88856936,2.139666667,26.066,5.24483,39.36,29.80329808,12.67688235
164,,潘市镇,112.08,26.51,紫色页岩,purple shale,forest,3,,,7.29,1.78,0.098694316,551.826,648.932,378.698,0.501326825,15.18869389,2.837142857,23.506,8.78157,48.84,,
165,,潘市镇,112.11,26.52,紫色页岩,purple shale,paddy,1,长期水田,早稻,7.09,0.665,0.044930876,2307.354,510.36,100.51,0.278733202,22.7403651,8.597666667,24.974,3.9811,58.94,30.41599038,10.65971558
175,,七里桥镇,111.91,26.53,河流冲积物,river alluvium,paddy,1,长期水田,水稻,6.59,13.435,0.075652842,2260.65,831.524,87.634,0.457195497,17.09547467,9.803166667,25.01,2.62999,20.14,36.17522115,7.814473929
176,,七里桥镇,111.92,26.51,板页岩,slate shale,forest,3,,,6.8,0.76,0.098694316,1899.758,778.008,69.774,0.441777693,9.730317076,2.6465,22.066,2.83717,50.21,,
177,,潘市镇,111.96,26.55,板页岩,slate shale,forest,3,,,6.39,1.465,0.229262673,1502.102,701.508,91.394,0.455965497,23.29635829,5.764285714,26.662,7.04806,72.4634,,
181,,梅溪镇,112.07,26.54,石灰岩,limestone,forest,3,,,7.49,10.05,0.091013825,887.246,3742.708,18.098,0.167653558,7.541844565,3.063,16.442,11.1581,45.9896,,
182,,梅溪镇,112.11,26.53,紫色页岩,purple shale,paddy,1,长期水田,水稻,7.92,12.69,0.048771121,1691.854,498.436,57.874,0.330757047,15.09586816,3.030833333,15.906,1.22151,49.2169,24.69114698,7.561022692
183,,梅溪镇,112.14,26.53,紫色页岩,purple shale,forest,3,,,4.59,5.89,0.079493088,1003.098,867.064,10.354,0.115448775,4.775533497,4.65925,21.026,-9999,-9999,,
189,,浯溪镇,111.83,26.56,河流冲积物,river alluvium,paddy,1,长期水田,水稻,7.33,2.145,0.110215054,1936.458,865.976,70.718,0.381185488,15.42143103,55.35683333,14.97,1.84961,15.3825,33.94318819,6.720717553
190,,浯溪镇,111.85,26.57,河流冲积物,river alluvium,fruit,2,水田,橙子,7.11,5.155,0.064132104,2930.542,1283.96,198.826,0.435277391,15.12989526,5.108166667,26.75,18.4869,48.9174,50.85709203,12.61130293
191,,七里桥镇,111.9,26.55,石灰岩,limestone,fruit,2,长期果园,橘子,7.94,8.115,0.087173579,1122.494,943.752,155.67,0.351951218,12.96488911,13.095,16.578,15.4766,132.656,,
192,,七里桥镇,111.91,26.57,板页岩,slate shale,fruit,2,长期果园,橘子,5.88,18.055,0.056451613,2134.682,1433.44,96.982,0.478314589,27.48082742,3.757666667,19.762,20.6338,48.3882,,
193,,七里桥镇,111.93,26.56,石灰岩,limestone,paddy,1,长期水田,早稻,7.85,24.32,0.325268817,1870.742,853.352,100.042,0.425848163,15.38200288,2.482666667,22.266,4.31591,30.856,33.11366896,9.745707413
195,,七里桥镇,111.99,26.55,板页岩,slate shale,forest,3,,,6.62,9.995,0.194700461,2960.714,728.74,126.698,0.433586573,16.76813672,3.3995,27.638,7.30921,57.7769,,
197,,梅溪镇,112.06,26.56,石灰岩,limestone,forest,3,,,7.59,0.635,0.048771121,1536.462,1127.516,28.35,0.167119523,17.54299254,15.9435,38.234,10.7564,39.8824,,
199,,梅溪镇,112.1,26.55,紫色页岩,purple shale,paddy,1,长期水田,水稻,7.08,0.62,0.071812596,1741.694,579.952,102.926,0.278344337,11.93386532,2.513,22.65,1.75143,55.8172,26.70376236,12.4334298
200,,梅溪镇,112.12,26.55,紫色页岩,purple shale,paddy,1,长期水田,水稻,7.68,2.83,0.079493088,3798.634,653.084,81.07,0.234161032,20.57379408,3.994333333,17.37,1.13537,22.9439,46.47568269,5.626945402
203,,茅竹镇,111.81,26.58,河流冲积物,river alluvium,fruit,2,水田,橘子,6.62,7.465,0.156298003,2670.722,1128.668,248.646,0.537816617,12.93086672,3.6735,28.914,15.1544,37.3087,45.55088599,17.60852404
205,,浯溪镇,111.86,26.58,河流冲积物,river alluvium,upland,2,长期旱地,蔬菜,5.8,78.41,0.31374808,2934.086,1201.376,615.794,1.085571338,13.60374107,6.361333333,29.798,15.2949,45.6753,49.30058104,40.29226869
206,,浯溪镇,111.89,26.58,石灰岩,limestone,fruit,2,旱地,橘子,7.66,9.06,0.021889401,1603.062,1196.204,251.646,0.672232149,21.75682507,7.215166667,25.55,15.4761,43.0384,,
207,,七里桥镇,111.91,26.58,板页岩,slate shale,paddy,1,长期水田,早稻,5.22,2.06,0.071812596,2234.678,1221.16,81.538,0.368021132,23.69712322,5.797166667,26.866,5.02612,58.8745,43.4363283,6.055433706
208,,七里桥镇,111.94,26.57,板页岩,slate shale,paddy,1,长期水田,早稻,7.97,70.63,0.106374808,4798.274,971.128,157.038,0.568525569,23.97146701,3.047833333,18.466,3.91325,162.201,61.5172706,8.234666275
209,,七里桥镇,111.96,26.58,板页岩,slate shale,forest,3,长期油茶,油茶,4.96,1.96,0.309907834,1465.454,1251.792,19.942,0.227090659,23.26086758,8.756333333,21.478,7.99367,86.7172,,
211,QY,羊角塘镇,112.02,26.59,砂岩,malmstone,forest,3,,,5.17,24.965,0.025729647,2190.374,1429.204,15.726,0.293442305,14.86679428,23.93883333,36.694,2.30394,28.3244,47.04160302,1.078386556
213,,羊角塘镇,112.08,26.59,石灰岩,limestone,upland,2,长期旱地,花生,7.28,7.45,0.275345622,2515.09,1802.348,80.562,0.397224158,9.488988946,26.15816667,31.11,0.329143,3.80434,57.11669918,4.549937638
214,,羊角塘镇,112.13,26.58,石灰岩,limestone,fruit,2,旱地,橘子,6.72,0.925,0.117895545,1036.858,911.468,19.378,0.197524001,4.749872455,17.2035,19.442,4.88544,36.6637,,
216,,羊角塘镇,112.15,26.58,紫色页岩,purple shale,forest,3,,,7.66,2.16,0.075652842,385.566,423.628,254.43,0.426654935,8.548831173,2.552666667,17.13,5.27145,36.597,,
217,,大村甸镇,111.76,26.61,板页岩,slate shale,forest,3,,,5.06,4.245,0.056451613,705.618,710.032,9.782,0.115529339,19.03607786,4.203,16.058,3.67543,57.0788,,
218,,大村甸镇,111.78,26.6,石灰岩,limestone,upland,2,水田,玉米,7.95,3.335,0.129416283,3619.894,1168.364,240.726,0.553128928,19.19553456,5.188444444,29.79,1.0126,24.752,54.7890206,14.1731952
220,,浯溪镇,111.83,26.6,石灰岩,limestone,fruit,2,水田,橘子,6.93,18.64,0.083333333,2137.322,808.556,90.482,0.31520116,11.52469731,5.0485,21.01,9.19244,45.7114,34.63238599,8.427874979
222,,下马渡镇,111.9,26.62,河流冲积物,river alluvium,paddy,1,长期水田,早稻,5.04,5.395,0.156298003,1613.206,790.18,169.182,0.693521725,17.16554423,7.167333333,21.358,4.88611,78.1453,29.59939423,18.43782284
223,,下马渡镇,111.91,26.6,紫色页岩,purple shale,fruit,2,旱地,橘子,5.92,13.58,0.06797235,2017.926,647.592,108.066,0.315075632,11.28297023,1.657142857,19.606,25.3606,40.14,,
224,,七里桥镇,111.94,26.6,板页岩,slate shale,forest,3,,,7.53,20.87,0.029569892,1304.164,878.82,28.986,0.27870539,11.69732248,4.188833333,19.442,11.7166,67.6322,,
225,,七里桥镇,111.98,26.6,板页岩,slate shale,forest,3,,,4.65,14.17,0.118188252,2181.836,1784.54,15.77,0.123106883,13.64071239,3.280333333,22.502,11.3408,61.8802,,
226,,羊角塘镇,112.03,26.6,石灰岩,limestone,fruit,2,,,7.23,12.08,0.054493984,2685.072,1919.744,30.758,0.211550712,6.553096019,25.67055556,21.734,2.48387,28.5804,,
228,QY,羊角塘镇,112.07,26.61,砂岩,malmstone,forest,3,,,4.75,11.175,0.376503892,2278.692,2598.136,22.63,0.352301871,10.38705088,32.74183333,41.55,4.93013,36.6776,70.30961813,1.038264777
229,,羊角塘镇,112.11,26.61,河流冲积物,river alluvium,forest,3,,,4.84,9.325,0.192498231,2362.256,1912.42,41.602,0.766927481,9.725543444,22.0335,28.114,6.55198,39.9312,,
230,,羊角塘镇,112.13,26.61,石灰岩,limestone,forest,3,,,7.82,7.28,0.043878273,1166.912,675.84,16.286,0.241474842,9.957142018,11.686,12.842,9.29428,39.4759,,
231,,大村甸镇,111.75,26.63,石灰岩,limestone,paddy,1,长期水田,水稻,7.78,13.875,0.263269639,10748.744,1857.996,331.478,0.434062139,25.95289836,8.033666667,16.798,4.33144,159.537,131.7016209,8.118987935
232,,大村甸镇,111.79,26.62,石灰岩,limestone,forest,3,,,6.25,4.6975,0.054493984,1608.04,1479.988,222.89,0.442351487,11.06988928,16.5076,22.778,3.93692,69.809,,
233,,大村甸镇,111.81,26.63,石灰岩,limestone,paddy,1,长期水田,早稻,6.11,31.875,0.666666667,2225.536,868.172,100.71,0.545442127,27.09057382,12.25433333,24.506,4.00119,139.84,36.56647253,8.884394509
235,,下马渡镇,111.87,26.63,紫色页岩,purple shale,fruit,2,长期果园,柚子,7.34,9.275,0.167728238,1805.536,800.788,309.982,0.56104751,18.39331969,4.023666667,14.494,15.7245,42.9995,,
236,,下马渡镇,111.9,26.63,紫色页岩,purple shale,paddy,1,长期水田,水稻,7.61,31.63,0.047416844,4870.616,1014.456,457.358,0.449055649,21.3473518,1.742666667,23.626,2.22021,39.5163,62.99641209,23.41956213
237,,下马渡镇,111.92,26.63,紫色页岩,purple shale,upland,2,长期旱地,玉米,7.15,10.03,0.047416844,1538.524,1007.196,299.294,0.329802244,12.67059149,0.8826,21.014,1.47604,16.6741,33.10597527,29.16284774
239,,挂榜山林场,111.99,26.61,板页岩,slate shale,forest,3,,,4.65,20.035,0.054493984,4209.112,2900.644,85.438,0.412828451,25.22395803,13.85666667,37.018,13.2002,54.6469,,
240,QY,羊角塘镇,112,26.64,砂岩,malmstone,forest,3,,,4.97,11.385,0.043878273,1494.812,1724.476,13.31,0.219100304,5.562014548,13.80866667,10.422,-9999,-9999,46.50953571,0.923154429
241,QY,羊角塘镇,112.03,26.64,砂岩,malmstone,forest,3,,,4.88,10.37,0.047416844,1507.584,1425.068,107.65,0.352336975,9.029975427,16.488,20.838,20.915,68.9035,40.86572527,8.497538272
242,QY,羊角塘镇,112.05,26.64,砂岩,malmstone,paddy,1,长期水田,早稻,7.26,9.56,0.10403397,1824.276,1246.76,94.266,0.293442305,13.79804674,4.342333333,18.502,4.49575,32.8904,40.26433242,7.552189561
243,,羊角塘镇,112.08,26.63,石灰岩,limestone,paddy,1,长期水田,早稻,6.83,15.325,0.054493984,2266.36,1393.804,163.29,0.691676046,19.15887957,15.44416667,25.218,4.76271,49.0423,47.03928022,11.19791657
245,QY,羊角塘镇,112.13,26.63,砂岩,malmstone,upland,2,荒地,西瓜,4.61,37.22,0.146496815,1428.42,1611.756,22.33,0.278677584,15.81693865,10.27533333,14.81,20.0836,39.7601,43.74905769,1.646487076
246,,大村甸镇,111.74,26.65,石灰岩,limestone,paddy,1,长期水田,水稻,7.69,10.24,0.050955414,4457.636,1334.916,187.594,0.374170259,34.89742688,11.82166667,12.534,3.55454,70.7117,65.47178297,9.242789917
247,,大村甸镇,111.75,26.65,石灰岩,limestone,forest,3,,,6.42,4.68,0.429582449,1711.212,1144.992,46.742,0.182563079,10.40614706,8.357,15.322,3.72466,98.0018,,
248,,大村甸镇,111.78,26.66,石灰岩,limestone,paddy,1,长期水田,早稻,7.75,6.01,0.068648266,5779.528,1458.512,238.094,0.433975595,25.28212442,13.809,15.63,4.09445,80.2694,79.65123626,9.642601889
249,,浯溪镇,111.82,26.66,石灰岩,limestone,upland,2,长期旱地,红薯,7.45,11.065,0.050955414,2717.732,1367.452,132.506,0.484993742,12.65100348,11.13516667,23.642,10.4546,20.6703,50.56261813,8.453650651
250,QY,下马渡镇,111.83,26.65,砂岩,malmstone,upland,2,水田,大豆,7.37,6.625,0.065109696,3395.688,1266.172,224.106,0.470769572,14.06440415,10.99666667,20.274,0.791972,34.4373,54.6681044,13.22384576
251,QY,下马渡镇,111.86,26.65,砂岩,malmstone,upland,2,水田,花生,5.29,13.12,0.128803963,1804.032,1310.084,199.382,0.389385961,9.798802583,7.278166667,13.23,1.14221,24.7375,41.30135165,15.57255916
252,,下马渡镇,111.88,26.65,板页岩,slate shale,fruit,2,旱地,橘子,6.63,7.485,0.18895966,2270.896,959.572,259.994,0.419875724,6.739852513,9.0005,10.934,15.1674,18.4503,,
253,,下马渡镇,111.92,26.65,紫色页岩,purple shale,fruit,2,旱地,柚子,6.65,5.715,0.571125265,3181.128,800.764,213.41,0.2641442,13.8887597,4.264,12.674,30.3199,30.8541,,
254,,下马渡镇,111.94,26.64,板页岩,slate shale,forest,3,,,6.95,15.255,0.150035386,1815.76,814.952,32.098,0.39031946,8.044405663,2.585666667,16.098,16.0159,36.9173,,
255,QY,羊角塘镇,112.02,26.64,砂岩,malmstone,upland,2,水田,西瓜,5.1,8.715,0.567586695,1534.26,1211.972,137.794,0.367287438,10.2593103,2.441666667,18.414,26.9782,81.947,37.00590385,12.01150973
256,QY,羊角塘镇,112.1,26.64,砂岩,malmstone,forest,3,,,4.74,4.525,0.737438075,877.788,1349.824,7.178,0.145166719,5.542276927,18.54666667,12.262,5.42947,43.8251,33.7955467,0.68514467
257,QY,大村甸镇,111.76,26.67,砂岩,malmstone,forest,3,,,4.83,24.27,0.181882519,2040.072,1962.688,26.638,0.130223954,22.13908839,13.9595,20.91,2.88063,83.4305,55.95892857,1.535573222
258,,大村甸镇,111.78,26.67,石灰岩,limestone,fruit,2,荒地,橘子,7.31,20.765,0.433121019,2505.136,1325.3,202.834,0.449414284,16.77888991,10.17133333,13.154,1.03867,69.9454,,
260,QY,浯溪镇,111.83,26.69,砂岩,malmstone,forest,3,,,4.84,9.92,0.535739561,2653.428,2009.692,61.366,0.418871837,11.85821389,13.495,6.682,1.33981,48.322,62.33924451,3.175444943
261,,下马渡镇,111.86,26.67,第四纪红土,red soil of quantenary reath,forest,3,,,4.55,10.86,0.535739561,1134.072,1262.364,11.122,0.13774652,5.448984934,5.960833333,9.986,3.99921,31.2719,,
262,,下马渡镇,111.89,26.67,板页岩,slate shale,forest,3,,,4.48,11.13,0.058032555,1184.548,928.872,21.898,0.108005174,15.10309601,4.873,9.022,10.0501,28.2004,,
263,,下马渡镇,111.91,26.68,板页岩,slate shale,forest,3,,,5.32,15.85,0.426043878,1161.488,774.572,18.294,0.085795243,3.970392268,0.909833333,4.714,5.91695,22.8939,,
264,,下马渡镇,111.92,26.69,板页岩,slate shale,paddy,1,长期水田,水稻,6.3,15.905,0.794055202,4281.004,864.296,167.318,0.412704702,27.3868393,9.188,10.046,0.0911964,14.8078,54.84432692,9.841227236
265,QY,文明铺镇,111.7,26.71,砂岩,malmstone,forest,3,,,4.51,14.54,0.426043878,1077.668,1309.104,10.362,0.256417087,11.03081492,22.86883333,8.414,1.17169,71.8034,34.79711264,0.96059138
266,,文明铺镇,111.73,26.71,石灰岩,limestone,upland,2,长期水田,油菜,6.57,7.095,0.61358811,1662.244,1298.612,120.506,0.360925795,8.912200133,19.51,19.55,0.0199917,14.9424,39.81477198,9.763437361
268,,黎家坪镇,111.79,26.71,石灰岩,limestone,forest,3,,,6.39,23.745,0.457891012,1565.572,1146.472,44.738,0.584212094,10.5851437,22.14816667,21.118,1.77006,62.6745,,
269,,黎家坪镇,111.81,26.7,石灰岩,limestone,upland,2,长期旱地,玉米,7.37,8.835,0.503892427,1561.912,1130.204,104.878,0.27059102,10.32950102,8.446166667,17.778,0.0760228,63.4363,35.68033516,9.48186522
270,,黎家坪镇,111.83,26.7,河流冲积物,river alluvium,paddy,1,长期水田,水稻,7.48,11.85,0.52158528,6787.904,1267.168,358.662,0.825820504,35.26466568,2.407666667,21.37,0.0858789,49.146,84.9749011,13.6154815
271,,黎家坪镇,111.85,26.71,石灰岩,limestone,forest,3,,,7.36,15.495,0.150035386,1431.944,853.2,25.834,0.249205075,10.70593739,3.34,11.638,1.84037,39.8452,,
272,,下马渡镇,111.9,26.7,板页岩,slate shale,fruit,2,旱地,李子,6.53,13.52,0.786978061,3237.62,1050.744,150.334,0.478028715,16.74355178,8.0515,10.362,4.93394,25.3487,,
273,,下马渡镇,111.91,26.7,板页岩,slate shale,forest,3,,,4.56,31.92,0.266808209,827.792,1169.536,8.086,0.056390335,4.729077823,0.2845,11.53,4.18932,21.7142,,
274,,文明铺镇,111.71,26.74,石灰岩,limestone,paddy,1,长期水田,水稻,7.56,36.385,0.072186837,1884.656,1376.46,123.99,0.322343401,14.27293085,12.97433333,16.634,2.18956,160.018,43.29767033,9.237627311
275,,文明铺镇,111.73,26.72,第四纪红土,red soil of quantenary reath,forest,3,,,5.71,12.745,0.203113942,1520.224,1673.616,14.638,0.29285805,11.95186614,7.258666667,11.466,0.934787,56.022,,
279,,黎家坪镇,111.83,26.72,石灰岩,limestone,upland,2,长期旱地,芝麻,7.48,7.8,0.065109696,3273.108,1558.428,215.642,0.569831187,15.99265058,11.04033333,30.47,2.84827,29.7103,59.1939478,11.75152833
281,,文富市镇,111.91,26.73,板页岩,slate shale,forest,3,,,4.87,35.08,0.050955414,4122.944,2568.468,83.494,0.499479953,18.23222718,3.486,29.506,3.09977,29.6842,,
282,,文明铺镇,111.65,26.76,石灰岩,limestone,upland,2,水田,玉米,7.45,19.165,0.047416844,1672.964,1269.056,67.21,0.249319614,8.977853354,16.64966667,9.046,0.0571658,14.7823,39.34210165,5.510799945
283,,文明铺镇,111.68,26.76,石灰岩,limestone,forest,3,,,5.92,2.775,0.050955414,1248.548,1181.096,18.802,0.294624969,6.798639977,21.11066667,9.946,0.70178,41.7799,,
284,,文明铺镇,111.7,26.76,石灰岩,limestone,paddy,1,长期水田,水稻,6.6,3.935,0.050955414,3118.488,1006.22,119.654,0.654265065,20.42002851,17.3806,27.486,0.0907628,19.7439,47.19402747,8.178590933
285,,文明铺镇,111.72,26.76,石灰岩,limestone,paddy,1,长期水田,水稻,6.78,6.725,0.065109696,5041.632,1116.464,292.558,0.713200383,21.16572852,10.31383333,22.202,0.100319,30.2969,66.48503297,14.19470581
287,,文明铺镇,111.78,26.75,石灰岩,limestone,upland,2,水田,生姜,8.13,10.51,0.012031139,4294.052,1455.524,319.702,0.630857285,21.57838635,15.3235,22.426,1.59398,56.7037,66.33059615,15.54782912
288,,黎家坪镇,111.81,26.75,第四纪红土,red soil of quantenary reath,forest,3,,,4.74,4.005,0.047416844,1061.9,891.224,12.086,0.127137906,7.234179288,4.705833333,25.674,2.2733,50.931,,
289,,文富市镇,111.84,26.75,紫色页岩,purple shale,upland,2,水田,芝麻,7.11,2.85,0.326963907,2874.728,682.116,131.214,0.469771925,18.66391133,3.661166667,12.366,0.438077,24.7165,38.78482967,10.91331253
290,,文富市镇,111.85,26.75,板页岩,slate shale,forest,3,荒地,板栗,4.48,5.625,0.061571125,1181.216,1213.02,30.782,0.531318251,6.987517756,14.06816667,15.622,1.04495,33.587,,
291,,文富市镇,111.89,26.75,石灰岩,limestone,paddy,1,长期水田,早稻,6.76,2.55,0.089879689,7144.08,1076.384,395.502,0.798120816,28.34625881,0.2135,26.994,1.14935,29.514,84.48612088,15.10085787
292,QY,文明铺镇,111.63,26.78,砂岩,malmstone,forest,3,,,4.74,3.37,0.004953999,922.908,751.048,11.454,0.149947146,6.407671146,0.1254,16.918,0.939126,35.3445,22.68348077,1.62886761
293,,龚家坪镇,111.65,26.78,石灰岩,limestone,paddy,1,长期水田,水稻,6.43,32.365,0.093418259,3740.7,1172.4,175.662,0.523277325,23.07182748,10.22433333,18.006,1.71641,29.5141,55.94526099,10.12867941
295,,文明铺镇,111.7,26.77,板页岩,slate shale,paddy,1,长期水田,水稻,7.71,78.56,0.507430998,5820.964,1288.324,428.334,0.692090844,22.76092902,5.086666667,13.738,1.70115,48.9887,76.7483544,18.00328608
296,,文明铺镇,111.73,26.77,石灰岩,limestone,paddy,1,长期水田,早稻,6.14,20.185,0.054493984,3085.312,834.084,73.498,0.607365618,18.85453828,10.016,25.046,1.14585,104.854,43.58750549,5.439410214
297,QY,文明铺镇,111.75,26.77,砂岩,malmstone,paddy,1,长期水田,水稻,7.69,14.68,0.118188252,4897.244,1096.816,444.302,0.896860704,27.93767951,10.13616667,18.674,1.43216,24.6315,64.81800824,22.11163683
300,,文富市镇,111.83,26.77,紫色页岩,purple shale,forest,3,,,8.26,1.86,0.068648266,570.74,388.192,284.198,0.386135571,7.764239578,2.290333333,10.782,1.24829,47.414,,
303,,龚家坪镇,111.67,26.8,第四纪红土,red soil of quantenary reath,upland,2,长期旱地,花生,4.73,1.19,0.047416844,1406.168,1432.132,50.91,0.514941216,8.003492744,8.9035,23.538,0.288441,55.6738,40.09607143,4.095807908
305,QY,龚家坪镇,111.73,26.8,砂岩,malmstone,forest,3,,,4.66,1.7,0.061571125,1189.064,1386.488,11.398,0.19542149,3.364800502,19.0336,17.218,0.969723,61.8607,37.27987363,0.986262515
306,QY,龚家坪镇,111.75,26.8,砂岩,malmstone,forest,3,,,4.81,1.615,0.050955414,1646.532,1280.376,16.486,0.226242901,8.282749881,9.5375,35.262,1.13615,56.6612,39.32379396,1.352378288
309,,龚家坪镇,111.66,26.83,板页岩,slate shale,forest,3,,,5.62,2.64,0.082802548,1390.772,905.252,45.434,0.24097318,7.686018661,5.4372,12.278,0.485943,49.5311,,
313,,龚家坪镇,111.7,26.84,板页岩,slate shale,paddy,1,长期水田,早稻,7.8,1.61,0.061571125,3052.088,1085.18,276.218,0.653480888,21.61620215,9.840833333,9.39,1.77064,56.0918,48.11963187,18.51688743
325,,七里桥镇,111.9,26.51,第四纪红土,red soil of quantenary reath,fruit,2,长期果园,橘子,6,4.22,0.050955414,2120.844,1462.816,159.642,0.499479953,5.557827826,12.95983333,29.53,0.0131458,65.2893,,
326,,潘市镇,112.02,26.52,板页岩,slate shale,forest,3,,,5.32,1.5,0.065109696,1184.108,856.416,83.058,0.508094326,7.000744709,5.3695,24.726,7.38306,41.6479,,
330,,潘市镇,111.96,26.47,紫色页岩,purple shale,forest,3,,,5.96,0.785,0.082802548,1830.644,925.324,40.886,0.493203599,10.7523857,5.264,22.802,2.12848,44.4933,,
332,QY,潘市镇,112.03,26.49,砂岩,malmstone,forest,3,,,5.19,20.745,0.224345364,1317.38,687.164,68.478,0.439667482,7.770839837,15.982,14.146,10.7901,39.7062,24.97701374,8.844002591
333,,潘市镇,111.93,26.5,石灰岩,limestone,fruit,2,长期果园,橘子,7.04,1.145,0.118188252,2425.732,1586.296,464.686,0.837071285,13.78705045,3.831,21.318,0.0109836,56.4479,,
